2025/11/03 13:18:10 ✅ Connected to PostgreSQL database
2025/11/03 13:18:10 🔄 Starting database schema migration...

2025/11/03 13:18:11 [32m/Users/dmitrijfomin/Desktop/backend/internal/database/db.go:58 [33mSLOW SQL >= 200ms
[0m[31;1m[302.171ms] [33m[rows:1][35m SELECT count(*) FROM information_schema.tables WHERE table_schema = CURRENT_SCHEMA() AND table_name = 'User' AND table_type = 'BASE TABLE'[0m

2025/11/03 13:18:11 [32m/Users/dmitrijfomin/Desktop/backend/internal/database/db.go:58
[0m[33m[148.591ms] [34;1m[rows:1][0m SELECT CURRENT_DATABASE()

2025/11/03 13:18:11 [32m/Users/dmitrijfomin/Desktop/backend/internal/database/db.go:58
[0m[33m[178.624ms] [34;1m[rows:-][0m SELECT c.column_name, c.is_nullable = 'YES', c.udt_name, c.character_maximum_length, c.numeric_precision, c.numeric_precision_radix, c.numeric_scale, c.datetime_precision, 8 * typlen, c.column_default, pd.description, c.identity_increment FROM information_schema.columns AS c JOIN pg_type AS pgt ON c.udt_name = pgt.typname LEFT JOIN pg_catalog.pg_description as pd ON pd.objsubid = c.ordinal_position AND pd.objoid = (SELECT oid FROM pg_catalog.pg_class WHERE relname = c.table_name AND relnamespace = (SELECT oid FROM pg_catalog.pg_namespace WHERE nspname = c.table_schema)) where table_catalog = 'neondb' AND table_schema = CURRENT_SCHEMA() AND table_name = 'User'

2025/11/03 13:18:11 [32m/Users/dmitrijfomin/Desktop/backend/internal/database/db.go:58
[0m[33m[126.218ms] [34;1m[rows:-][0m SELECT * FROM "User" LIMIT 5

2025/11/03 13:18:11 [32m/Users/dmitrijfomin/Desktop/backend/internal/database/db.go:58
[0m[33m[150.859ms] [34;1m[rows:-][0m SELECT constraint_name FROM information_schema.table_constraints tc JOIN information_schema.constraint_column_usage AS ccu USING (constraint_schema, constraint_catalog, table_name, constraint_name) JOIN information_schema.columns AS c ON c.table_schema = tc.constraint_schema AND tc.table_name = c.table_name AND ccu.column_name = c.column_name WHERE constraint_type IN ('PRIMARY KEY', 'UNIQUE') AND c.table_catalog = 'neondb' AND c.table_schema = CURRENT_SCHEMA() AND c.table_name = 'User' AND constraint_type = 'UNIQUE'

2025/11/03 13:18:11 [32m/Users/dmitrijfomin/Desktop/backend/internal/database/db.go:58
[0m[33m[167.856ms] [34;1m[rows:-][0m SELECT c.column_name, constraint_name, constraint_type FROM information_schema.table_constraints tc JOIN information_schema.constraint_column_usage AS ccu USING (constraint_schema, constraint_catalog, table_name, constraint_name) JOIN information_schema.columns AS c ON c.table_schema = tc.constraint_schema AND tc.table_name = c.table_name AND ccu.column_name = c.column_name WHERE constraint_type IN ('PRIMARY KEY', 'UNIQUE') AND c.table_catalog = 'neondb' AND c.table_schema = CURRENT_SCHEMA() AND c.table_name = 'User'

2025/11/03 13:18:11 [32m/Users/dmitrijfomin/Desktop/backend/internal/database/db.go:58
[0m[33m[146.558ms] [34;1m[rows:-][0m SELECT a.attname as column_name, format_type(a.atttypid, a.atttypmod) AS data_type
		FROM pg_attribute a JOIN pg_class b ON a.attrelid = b.oid AND relnamespace = (SELECT oid FROM pg_catalog.pg_namespace WHERE nspname = CURRENT_SCHEMA())
		WHERE a.attnum > 0 -- hide internal columns
		AND NOT a.attisdropped -- hide deleted columns
		AND b.relname = 'User'

2025/11/03 13:18:12 [32m/Users/dmitrijfomin/Desktop/backend/internal/database/db.go:58
[0m[33m[143.217ms] [34;1m[rows:0][0m SELECT description FROM pg_catalog.pg_description WHERE objsubid = (SELECT ordinal_position FROM information_schema.columns WHERE table_schema = CURRENT_SCHEMA() AND table_name = 'User' AND column_name = 'id') AND objoid = (SELECT oid FROM pg_catalog.pg_class WHERE relname = 'User' AND relnamespace = (SELECT oid FROM pg_catalog.pg_namespace WHERE nspname = CURRENT_SCHEMA()))

2025/11/03 13:18:12 [32m/Users/dmitrijfomin/Desktop/backend/internal/database/db.go:58
[0m[33m[77.589ms] [34;1m[rows:0][0m SELECT description FROM pg_catalog.pg_description WHERE objsubid = (SELECT ordinal_position FROM information_schema.columns WHERE table_schema = CURRENT_SCHEMA() AND table_name = 'User' AND column_name = 'email') AND objoid = (SELECT oid FROM pg_catalog.pg_class WHERE relname = 'User' AND relnamespace = (SELECT oid FROM pg_catalog.pg_namespace WHERE nspname = CURRENT_SCHEMA()))

2025/11/03 13:18:12 [32m/Users/dmitrijfomin/Desktop/backend/internal/database/db.go:58
[0m[33m[85.046ms] [34;1m[rows:0][0m SELECT description FROM pg_catalog.pg_description WHERE objsubid = (SELECT ordinal_position FROM information_schema.columns WHERE table_schema = CURRENT_SCHEMA() AND table_name = 'User' AND column_name = 'name') AND objoid = (SELECT oid FROM pg_catalog.pg_class WHERE relname = 'User' AND relnamespace = (SELECT oid FROM pg_catalog.pg_namespace WHERE nspname = CURRENT_SCHEMA()))

2025/11/03 13:18:12 [32m/Users/dmitrijfomin/Desktop/backend/internal/database/db.go:58
[0m[33m[81.365ms] [34;1m[rows:0][0m SELECT description FROM pg_catalog.pg_description WHERE objsubid = (SELECT ordinal_position FROM information_schema.columns WHERE table_schema = CURRENT_SCHEMA() AND table_name = 'User' AND column_name = 'password') AND objoid = (SELECT oid FROM pg_catalog.pg_class WHERE relname = 'User' AND relnamespace = (SELECT oid FROM pg_catalog.pg_namespace WHERE nspname = CURRENT_SCHEMA()))

2025/11/03 13:18:12 [32m/Users/dmitrijfomin/Desktop/backend/internal/database/db.go:58
[0m[33m[40.102ms] [34;1m[rows:0][0m SELECT description FROM pg_catalog.pg_description WHERE objsubid = (SELECT ordinal_position FROM information_schema.columns WHERE table_schema = CURRENT_SCHEMA() AND table_name = 'User' AND column_name = 'role') AND objoid = (SELECT oid FROM pg_catalog.pg_class WHERE relname = 'User' AND relnamespace = (SELECT oid FROM pg_catalog.pg_namespace WHERE nspname = CURRENT_SCHEMA()))

2025/11/03 13:18:12 [32m/Users/dmitrijfomin/Desktop/backend/internal/database/db.go:58
[0m[33m[53.947ms] [34;1m[rows:0][0m SELECT description FROM pg_catalog.pg_description WHERE objsubid = (SELECT ordinal_position FROM information_schema.columns WHERE table_schema = CURRENT_SCHEMA() AND table_name = 'User' AND column_name = 'createdAt') AND objoid = (SELECT oid FROM pg_catalog.pg_class WHERE relname = 'User' AND relnamespace = (SELECT oid FROM pg_catalog.pg_namespace WHERE nspname = CURRENT_SCHEMA()))

2025/11/03 13:18:12 [32m/Users/dmitrijfomin/Desktop/backend/internal/database/db.go:58
[0m[33m[49.967ms] [34;1m[rows:1][0m SELECT count(*) FROM information_schema.tables WHERE table_schema = CURRENT_SCHEMA() AND table_name = 'Ingredient' AND table_type = 'BASE TABLE'

2025/11/03 13:18:12 [32m/Users/dmitrijfomin/Desktop/backend/internal/database/db.go:58
[0m[33m[68.410ms] [34;1m[rows:1][0m SELECT CURRENT_DATABASE()

2025/11/03 13:18:12 [32m/Users/dmitrijfomin/Desktop/backend/internal/database/db.go:58
[0m[33m[61.523ms] [34;1m[rows:-][0m SELECT c.column_name, c.is_nullable = 'YES', c.udt_name, c.character_maximum_length, c.numeric_precision, c.numeric_precision_radix, c.numeric_scale, c.datetime_precision, 8 * typlen, c.column_default, pd.description, c.identity_increment FROM information_schema.columns AS c JOIN pg_type AS pgt ON c.udt_name = pgt.typname LEFT JOIN pg_catalog.pg_description as pd ON pd.objsubid = c.ordinal_position AND pd.objoid = (SELECT oid FROM pg_catalog.pg_class WHERE relname = c.table_name AND relnamespace = (SELECT oid FROM pg_catalog.pg_namespace WHERE nspname = c.table_schema)) where table_catalog = 'neondb' AND table_schema = CURRENT_SCHEMA() AND table_name = 'Ingredient'

2025/11/03 13:18:12 [32m/Users/dmitrijfomin/Desktop/backend/internal/database/db.go:58
[0m[33m[63.962ms] [34;1m[rows:-][0m SELECT * FROM "Ingredient" LIMIT 5

2025/11/03 13:18:12 [32m/Users/dmitrijfomin/Desktop/backend/internal/database/db.go:58
[0m[33m[74.115ms] [34;1m[rows:-][0m SELECT constraint_name FROM information_schema.table_constraints tc JOIN information_schema.constraint_column_usage AS ccu USING (constraint_schema, constraint_catalog, table_name, constraint_name) JOIN information_schema.columns AS c ON c.table_schema = tc.constraint_schema AND tc.table_name = c.table_name AND ccu.column_name = c.column_name WHERE constraint_type IN ('PRIMARY KEY', 'UNIQUE') AND c.table_catalog = 'neondb' AND c.table_schema = CURRENT_SCHEMA() AND c.table_name = 'Ingredient' AND constraint_type = 'UNIQUE'

2025/11/03 13:18:13 [32m/Users/dmitrijfomin/Desktop/backend/internal/database/db.go:58 [33mSLOW SQL >= 200ms
[0m[31;1m[393.085ms] [33m[rows:-][35m SELECT c.column_name, constraint_name, constraint_type FROM information_schema.table_constraints tc JOIN information_schema.constraint_column_usage AS ccu USING (constraint_schema, constraint_catalog, table_name, constraint_name) JOIN information_schema.columns AS c ON c.table_schema = tc.constraint_schema AND tc.table_name = c.table_name AND ccu.column_name = c.column_name WHERE constraint_type IN ('PRIMARY KEY', 'UNIQUE') AND c.table_catalog = 'neondb' AND c.table_schema = CURRENT_SCHEMA() AND c.table_name = 'Ingredient'[0m

2025/11/03 13:18:13 [32m/Users/dmitrijfomin/Desktop/backend/internal/database/db.go:58
[0m[33m[110.641ms] [34;1m[rows:-][0m SELECT a.attname as column_name, format_type(a.atttypid, a.atttypmod) AS data_type
		FROM pg_attribute a JOIN pg_class b ON a.attrelid = b.oid AND relnamespace = (SELECT oid FROM pg_catalog.pg_namespace WHERE nspname = CURRENT_SCHEMA())
		WHERE a.attnum > 0 -- hide internal columns
		AND NOT a.attisdropped -- hide deleted columns
		AND b.relname = 'Ingredient'

2025/11/03 13:18:13 [32m/Users/dmitrijfomin/Desktop/backend/internal/database/db.go:58
[0m[33m[103.174ms] [34;1m[rows:0][0m SELECT description FROM pg_catalog.pg_description WHERE objsubid = (SELECT ordinal_position FROM information_schema.columns WHERE table_schema = CURRENT_SCHEMA() AND table_name = 'Ingredient' AND column_name = 'id') AND objoid = (SELECT oid FROM pg_catalog.pg_class WHERE relname = 'Ingredient' AND relnamespace = (SELECT oid FROM pg_catalog.pg_namespace WHERE nspname = CURRENT_SCHEMA()))

2025/11/03 13:18:13 [32m/Users/dmitrijfomin/Desktop/backend/internal/database/db.go:58
[0m[33m[97.911ms] [34;1m[rows:0][0m SELECT description FROM pg_catalog.pg_description WHERE objsubid = (SELECT ordinal_position FROM information_schema.columns WHERE table_schema = CURRENT_SCHEMA() AND table_name = 'Ingredient' AND column_name = 'name') AND objoid = (SELECT oid FROM pg_catalog.pg_class WHERE relname = 'Ingredient' AND relnamespace = (SELECT oid FROM pg_catalog.pg_namespace WHERE nspname = CURRENT_SCHEMA()))

2025/11/03 13:18:13 [32m/Users/dmitrijfomin/Desktop/backend/internal/database/db.go:58
[0m[33m[103.235ms] [34;1m[rows:0][0m SELECT description FROM pg_catalog.pg_description WHERE objsubid = (SELECT ordinal_position FROM information_schema.columns WHERE table_schema = CURRENT_SCHEMA() AND table_name = 'Ingredient' AND column_name = 'unit') AND objoid = (SELECT oid FROM pg_catalog.pg_class WHERE relname = 'Ingredient' AND relnamespace = (SELECT oid FROM pg_catalog.pg_namespace WHERE nspname = CURRENT_SCHEMA()))

2025/11/03 13:18:13 [32m/Users/dmitrijfomin/Desktop/backend/internal/database/db.go:58
[0m[33m[99.076ms] [34;1m[rows:0][0m SELECT description FROM pg_catalog.pg_description WHERE objsubid = (SELECT ordinal_position FROM information_schema.columns WHERE table_schema = CURRENT_SCHEMA() AND table_name = 'Ingredient' AND column_name = 'createdAt') AND objoid = (SELECT oid FROM pg_catalog.pg_class WHERE relname = 'Ingredient' AND relnamespace = (SELECT oid FROM pg_catalog.pg_namespace WHERE nspname = CURRENT_SCHEMA()))

2025/11/03 13:18:13 [32m/Users/dmitrijfomin/Desktop/backend/internal/database/db.go:58
[0m[33m[98.819ms] [34;1m[rows:1][0m SELECT count(*) FROM information_schema.tables WHERE table_schema = CURRENT_SCHEMA() AND table_name = 'semi_finished' AND table_type = 'BASE TABLE'

2025/11/03 13:18:13 [32m/Users/dmitrijfomin/Desktop/backend/internal/database/db.go:58
[0m[33m[92.622ms] [34;1m[rows:1][0m SELECT CURRENT_DATABASE()

2025/11/03 13:18:13 [32m/Users/dmitrijfomin/Desktop/backend/internal/database/db.go:58
[0m[33m[94.448ms] [34;1m[rows:-][0m SELECT c.column_name, c.is_nullable = 'YES', c.udt_name, c.character_maximum_length, c.numeric_precision, c.numeric_precision_radix, c.numeric_scale, c.datetime_precision, 8 * typlen, c.column_default, pd.description, c.identity_increment FROM information_schema.columns AS c JOIN pg_type AS pgt ON c.udt_name = pgt.typname LEFT JOIN pg_catalog.pg_description as pd ON pd.objsubid = c.ordinal_position AND pd.objoid = (SELECT oid FROM pg_catalog.pg_class WHERE relname = c.table_name AND relnamespace = (SELECT oid FROM pg_catalog.pg_namespace WHERE nspname = c.table_schema)) where table_catalog = 'neondb' AND table_schema = CURRENT_SCHEMA() AND table_name = 'semi_finished'

2025/11/03 13:18:14 [32m/Users/dmitrijfomin/Desktop/backend/internal/database/db.go:58
[0m[33m[84.885ms] [34;1m[rows:-][0m SELECT * FROM "semi_finished" LIMIT 5

2025/11/03 13:18:14 [32m/Users/dmitrijfomin/Desktop/backend/internal/database/db.go:58
[0m[33m[100.311ms] [34;1m[rows:-][0m SELECT constraint_name FROM information_schema.table_constraints tc JOIN information_schema.constraint_column_usage AS ccu USING (constraint_schema, constraint_catalog, table_name, constraint_name) JOIN information_schema.columns AS c ON c.table_schema = tc.constraint_schema AND tc.table_name = c.table_name AND ccu.column_name = c.column_name WHERE constraint_type IN ('PRIMARY KEY', 'UNIQUE') AND c.table_catalog = 'neondb' AND c.table_schema = CURRENT_SCHEMA() AND c.table_name = 'semi_finished' AND constraint_type = 'UNIQUE'

2025/11/03 13:18:14 [32m/Users/dmitrijfomin/Desktop/backend/internal/database/db.go:58
[0m[33m[86.084ms] [34;1m[rows:-][0m SELECT c.column_name, constraint_name, constraint_type FROM information_schema.table_constraints tc JOIN information_schema.constraint_column_usage AS ccu USING (constraint_schema, constraint_catalog, table_name, constraint_name) JOIN information_schema.columns AS c ON c.table_schema = tc.constraint_schema AND tc.table_name = c.table_name AND ccu.column_name = c.column_name WHERE constraint_type IN ('PRIMARY KEY', 'UNIQUE') AND c.table_catalog = 'neondb' AND c.table_schema = CURRENT_SCHEMA() AND c.table_name = 'semi_finished'

2025/11/03 13:18:14 [32m/Users/dmitrijfomin/Desktop/backend/internal/database/db.go:58
[0m[33m[79.584ms] [34;1m[rows:-][0m SELECT a.attname as column_name, format_type(a.atttypid, a.atttypmod) AS data_type
		FROM pg_attribute a JOIN pg_class b ON a.attrelid = b.oid AND relnamespace = (SELECT oid FROM pg_catalog.pg_namespace WHERE nspname = CURRENT_SCHEMA())
		WHERE a.attnum > 0 -- hide internal columns
		AND NOT a.attisdropped -- hide deleted columns
		AND b.relname = 'semi_finished'

2025/11/03 13:18:14 [32m/Users/dmitrijfomin/Desktop/backend/internal/database/db.go:58
[0m[33m[90.817ms] [34;1m[rows:0][0m SELECT description FROM pg_catalog.pg_description WHERE objsubid = (SELECT ordinal_position FROM information_schema.columns WHERE table_schema = CURRENT_SCHEMA() AND table_name = 'semi_finished' AND column_name = 'id') AND objoid = (SELECT oid FROM pg_catalog.pg_class WHERE relname = 'semi_finished' AND relnamespace = (SELECT oid FROM pg_catalog.pg_namespace WHERE nspname = CURRENT_SCHEMA()))

2025/11/03 13:18:14 [32m/Users/dmitrijfomin/Desktop/backend/internal/database/db.go:58
[0m[33m[97.574ms] [34;1m[rows:0][0m SELECT description FROM pg_catalog.pg_description WHERE objsubid = (SELECT ordinal_position FROM information_schema.columns WHERE table_schema = CURRENT_SCHEMA() AND table_name = 'semi_finished' AND column_name = 'name') AND objoid = (SELECT oid FROM pg_catalog.pg_class WHERE relname = 'semi_finished' AND relnamespace = (SELECT oid FROM pg_catalog.pg_namespace WHERE nspname = CURRENT_SCHEMA()))

2025/11/03 13:18:14 [32m/Users/dmitrijfomin/Desktop/backend/internal/database/db.go:58
[0m[33m[109.638ms] [34;1m[rows:0][0m SELECT description FROM pg_catalog.pg_description WHERE objsubid = (SELECT ordinal_position FROM information_schema.columns WHERE table_schema = CURRENT_SCHEMA() AND table_name = 'semi_finished' AND column_name = 'description') AND objoid = (SELECT oid FROM pg_catalog.pg_class WHERE relname = 'semi_finished' AND relnamespace = (SELECT oid FROM pg_catalog.pg_namespace WHERE nspname = CURRENT_SCHEMA()))

2025/11/03 13:18:14 [32m/Users/dmitrijfomin/Desktop/backend/internal/database/db.go:58
[0m[33m[75.410ms] [34;1m[rows:0][0m SELECT description FROM pg_catalog.pg_description WHERE objsubid = (SELECT ordinal_position FROM information_schema.columns WHERE table_schema = CURRENT_SCHEMA() AND table_name = 'semi_finished' AND column_name = 'output_quantity') AND objoid = (SELECT oid FROM pg_catalog.pg_class WHERE relname = 'semi_finished' AND relnamespace = (SELECT oid FROM pg_catalog.pg_namespace WHERE nspname = CURRENT_SCHEMA()))

2025/11/03 13:18:14 [32m/Users/dmitrijfomin/Desktop/backend/internal/database/db.go:58
[0m[33m[88.924ms] [34;1m[rows:0][0m SELECT description FROM pg_catalog.pg_description WHERE objsubid = (SELECT ordinal_position FROM information_schema.columns WHERE table_schema = CURRENT_SCHEMA() AND table_name = 'semi_finished' AND column_name = 'output_unit') AND objoid = (SELECT oid FROM pg_catalog.pg_class WHERE relname = 'semi_finished' AND relnamespace = (SELECT oid FROM pg_catalog.pg_namespace WHERE nspname = CURRENT_SCHEMA()))

2025/11/03 13:18:14 [32m/Users/dmitrijfomin/Desktop/backend/internal/database/db.go:58
[0m[33m[102.224ms] [34;1m[rows:0][0m SELECT description FROM pg_catalog.pg_description WHERE objsubid = (SELECT ordinal_position FROM information_schema.columns WHERE table_schema = CURRENT_SCHEMA() AND table_name = 'semi_finished' AND column_name = 'cost_per_unit') AND objoid = (SELECT oid FROM pg_catalog.pg_class WHERE relname = 'semi_finished' AND relnamespace = (SELECT oid FROM pg_catalog.pg_namespace WHERE nspname = CURRENT_SCHEMA()))

2025/11/03 13:18:15 [32m/Users/dmitrijfomin/Desktop/backend/internal/database/db.go:58
[0m[33m[125.621ms] [34;1m[rows:0][0m SELECT description FROM pg_catalog.pg_description WHERE objsubid = (SELECT ordinal_position FROM information_schema.columns WHERE table_schema = CURRENT_SCHEMA() AND table_name = 'semi_finished' AND column_name = 'total_cost') AND objoid = (SELECT oid FROM pg_catalog.pg_class WHERE relname = 'semi_finished' AND relnamespace = (SELECT oid FROM pg_catalog.pg_namespace WHERE nspname = CURRENT_SCHEMA()))

2025/11/03 13:18:15 [32m/Users/dmitrijfomin/Desktop/backend/internal/database/db.go:58
[0m[33m[116.848ms] [34;1m[rows:0][0m SELECT description FROM pg_catalog.pg_description WHERE objsubid = (SELECT ordinal_position FROM information_schema.columns WHERE table_schema = CURRENT_SCHEMA() AND table_name = 'semi_finished' AND column_name = 'category') AND objoid = (SELECT oid FROM pg_catalog.pg_class WHERE relname = 'semi_finished' AND relnamespace = (SELECT oid FROM pg_catalog.pg_namespace WHERE nspname = CURRENT_SCHEMA()))

2025/11/03 13:18:15 [32m/Users/dmitrijfomin/Desktop/backend/internal/database/db.go:58
[0m[33m[127.218ms] [34;1m[rows:0][0m SELECT description FROM pg_catalog.pg_description WHERE objsubid = (SELECT ordinal_position FROM information_schema.columns WHERE table_schema = CURRENT_SCHEMA() AND table_name = 'semi_finished' AND column_name = 'is_visible') AND objoid = (SELECT oid FROM pg_catalog.pg_class WHERE relname = 'semi_finished' AND relnamespace = (SELECT oid FROM pg_catalog.pg_namespace WHERE nspname = CURRENT_SCHEMA()))

2025/11/03 13:18:15 [32m/Users/dmitrijfomin/Desktop/backend/internal/database/db.go:58
[0m[33m[120.361ms] [34;1m[rows:0][0m SELECT description FROM pg_catalog.pg_description WHERE objsubid = (SELECT ordinal_position FROM information_schema.columns WHERE table_schema = CURRENT_SCHEMA() AND table_name = 'semi_finished' AND column_name = 'is_archived') AND objoid = (SELECT oid FROM pg_catalog.pg_class WHERE relname = 'semi_finished' AND relnamespace = (SELECT oid FROM pg_catalog.pg_namespace WHERE nspname = CURRENT_SCHEMA()))

2025/11/03 13:18:15 [32m/Users/dmitrijfomin/Desktop/backend/internal/database/db.go:58
[0m[33m[125.698ms] [34;1m[rows:0][0m SELECT description FROM pg_catalog.pg_description WHERE objsubid = (SELECT ordinal_position FROM information_schema.columns WHERE table_schema = CURRENT_SCHEMA() AND table_name = 'semi_finished' AND column_name = 'created_at') AND objoid = (SELECT oid FROM pg_catalog.pg_class WHERE relname = 'semi_finished' AND relnamespace = (SELECT oid FROM pg_catalog.pg_namespace WHERE nspname = CURRENT_SCHEMA()))

2025/11/03 13:18:15 [32m/Users/dmitrijfomin/Desktop/backend/internal/database/db.go:58
[0m[33m[90.548ms] [34;1m[rows:0][0m SELECT description FROM pg_catalog.pg_description WHERE objsubid = (SELECT ordinal_position FROM information_schema.columns WHERE table_schema = CURRENT_SCHEMA() AND table_name = 'semi_finished' AND column_name = 'updated_at') AND objoid = (SELECT oid FROM pg_catalog.pg_class WHERE relname = 'semi_finished' AND relnamespace = (SELECT oid FROM pg_catalog.pg_namespace WHERE nspname = CURRENT_SCHEMA()))

2025/11/03 13:18:15 [32m/Users/dmitrijfomin/Desktop/backend/internal/database/db.go:58
[0m[33m[113.116ms] [34;1m[rows:0][0m SELECT description FROM pg_catalog.pg_description WHERE objsubid = (SELECT ordinal_position FROM information_schema.columns WHERE table_schema = CURRENT_SCHEMA() AND table_name = 'semi_finished' AND column_name = 'deleted_at') AND objoid = (SELECT oid FROM pg_catalog.pg_class WHERE relname = 'semi_finished' AND relnamespace = (SELECT oid FROM pg_catalog.pg_namespace WHERE nspname = CURRENT_SCHEMA()))

2025/11/03 13:18:15 [32m/Users/dmitrijfomin/Desktop/backend/internal/database/db.go:58
[0m[33m[174.518ms] [34;1m[rows:1][0m SELECT count(*) FROM information_schema.tables WHERE table_schema = CURRENT_SCHEMA() AND table_name = 'semi_finished_ingredients' AND table_type = 'BASE TABLE'

2025/11/03 13:18:16 [32m/Users/dmitrijfomin/Desktop/backend/internal/database/db.go:58
[0m[33m[147.716ms] [34;1m[rows:1][0m SELECT CURRENT_DATABASE()

2025/11/03 13:18:16 [32m/Users/dmitrijfomin/Desktop/backend/internal/database/db.go:58
[0m[33m[126.092ms] [34;1m[rows:-][0m SELECT c.column_name, c.is_nullable = 'YES', c.udt_name, c.character_maximum_length, c.numeric_precision, c.numeric_precision_radix, c.numeric_scale, c.datetime_precision, 8 * typlen, c.column_default, pd.description, c.identity_increment FROM information_schema.columns AS c JOIN pg_type AS pgt ON c.udt_name = pgt.typname LEFT JOIN pg_catalog.pg_description as pd ON pd.objsubid = c.ordinal_position AND pd.objoid = (SELECT oid FROM pg_catalog.pg_class WHERE relname = c.table_name AND relnamespace = (SELECT oid FROM pg_catalog.pg_namespace WHERE nspname = c.table_schema)) where table_catalog = 'neondb' AND table_schema = CURRENT_SCHEMA() AND table_name = 'semi_finished_ingredients'

2025/11/03 13:18:16 [32m/Users/dmitrijfomin/Desktop/backend/internal/database/db.go:58
[0m[33m[158.862ms] [34;1m[rows:-][0m SELECT * FROM "semi_finished_ingredients" LIMIT 5

2025/11/03 13:18:16 [32m/Users/dmitrijfomin/Desktop/backend/internal/database/db.go:58
[0m[33m[127.227ms] [34;1m[rows:-][0m SELECT constraint_name FROM information_schema.table_constraints tc JOIN information_schema.constraint_column_usage AS ccu USING (constraint_schema, constraint_catalog, table_name, constraint_name) JOIN information_schema.columns AS c ON c.table_schema = tc.constraint_schema AND tc.table_name = c.table_name AND ccu.column_name = c.column_name WHERE constraint_type IN ('PRIMARY KEY', 'UNIQUE') AND c.table_catalog = 'neondb' AND c.table_schema = CURRENT_SCHEMA() AND c.table_name = 'semi_finished_ingredients' AND constraint_type = 'UNIQUE'

2025/11/03 13:18:16 [32m/Users/dmitrijfomin/Desktop/backend/internal/database/db.go:58
[0m[33m[127.324ms] [34;1m[rows:-][0m SELECT c.column_name, constraint_name, constraint_type FROM information_schema.table_constraints tc JOIN information_schema.constraint_column_usage AS ccu USING (constraint_schema, constraint_catalog, table_name, constraint_name) JOIN information_schema.columns AS c ON c.table_schema = tc.constraint_schema AND tc.table_name = c.table_name AND ccu.column_name = c.column_name WHERE constraint_type IN ('PRIMARY KEY', 'UNIQUE') AND c.table_catalog = 'neondb' AND c.table_schema = CURRENT_SCHEMA() AND c.table_name = 'semi_finished_ingredients'

2025/11/03 13:18:16 [32m/Users/dmitrijfomin/Desktop/backend/internal/database/db.go:58
[0m[33m[114.311ms] [34;1m[rows:-][0m SELECT a.attname as column_name, format_type(a.atttypid, a.atttypmod) AS data_type
		FROM pg_attribute a JOIN pg_class b ON a.attrelid = b.oid AND relnamespace = (SELECT oid FROM pg_catalog.pg_namespace WHERE nspname = CURRENT_SCHEMA())
		WHERE a.attnum > 0 -- hide internal columns
		AND NOT a.attisdropped -- hide deleted columns
		AND b.relname = 'semi_finished_ingredients'

2025/11/03 13:18:16 [32m/Users/dmitrijfomin/Desktop/backend/internal/database/db.go:58
[0m[33m[139.704ms] [34;1m[rows:0][0m SELECT description FROM pg_catalog.pg_description WHERE objsubid = (SELECT ordinal_position FROM information_schema.columns WHERE table_schema = CURRENT_SCHEMA() AND table_name = 'semi_finished_ingredients' AND column_name = 'id') AND objoid = (SELECT oid FROM pg_catalog.pg_class WHERE relname = 'semi_finished_ingredients' AND relnamespace = (SELECT oid FROM pg_catalog.pg_namespace WHERE nspname = CURRENT_SCHEMA()))

2025/11/03 13:18:17 [32m/Users/dmitrijfomin/Desktop/backend/internal/database/db.go:58
[0m[33m[120.246ms] [34;1m[rows:0][0m SELECT description FROM pg_catalog.pg_description WHERE objsubid = (SELECT ordinal_position FROM information_schema.columns WHERE table_schema = CURRENT_SCHEMA() AND table_name = 'semi_finished_ingredients' AND column_name = 'semi_finished_id') AND objoid = (SELECT oid FROM pg_catalog.pg_class WHERE relname = 'semi_finished_ingredients' AND relnamespace = (SELECT oid FROM pg_catalog.pg_namespace WHERE nspname = CURRENT_SCHEMA()))

2025/11/03 13:18:17 [32m/Users/dmitrijfomin/Desktop/backend/internal/database/db.go:58
[0m[33m[129.220ms] [34;1m[rows:0][0m SELECT description FROM pg_catalog.pg_description WHERE objsubid = (SELECT ordinal_position FROM information_schema.columns WHERE table_schema = CURRENT_SCHEMA() AND table_name = 'semi_finished_ingredients' AND column_name = 'ingredient_id') AND objoid = (SELECT oid FROM pg_catalog.pg_class WHERE relname = 'semi_finished_ingredients' AND relnamespace = (SELECT oid FROM pg_catalog.pg_namespace WHERE nspname = CURRENT_SCHEMA()))

2025/11/03 13:18:17 [32m/Users/dmitrijfomin/Desktop/backend/internal/database/db.go:58
[0m[33m[95.202ms] [34;1m[rows:0][0m SELECT description FROM pg_catalog.pg_description WHERE objsubid = (SELECT ordinal_position FROM information_schema.columns WHERE table_schema = CURRENT_SCHEMA() AND table_name = 'semi_finished_ingredients' AND column_name = 'ingredient_name') AND objoid = (SELECT oid FROM pg_catalog.pg_class WHERE relname = 'semi_finished_ingredients' AND relnamespace = (SELECT oid FROM pg_catalog.pg_namespace WHERE nspname = CURRENT_SCHEMA()))

2025/11/03 13:18:17 [32m/Users/dmitrijfomin/Desktop/backend/internal/database/db.go:58
[0m[33m[94.138ms] [34;1m[rows:0][0m SELECT description FROM pg_catalog.pg_description WHERE objsubid = (SELECT ordinal_position FROM information_schema.columns WHERE table_schema = CURRENT_SCHEMA() AND table_name = 'semi_finished_ingredients' AND column_name = 'quantity') AND objoid = (SELECT oid FROM pg_catalog.pg_class WHERE relname = 'semi_finished_ingredients' AND relnamespace = (SELECT oid FROM pg_catalog.pg_namespace WHERE nspname = CURRENT_SCHEMA()))

2025/11/03 13:18:17 [32m/Users/dmitrijfomin/Desktop/backend/internal/database/db.go:58
[0m[33m[114.530ms] [34;1m[rows:0][0m SELECT description FROM pg_catalog.pg_description WHERE objsubid = (SELECT ordinal_position FROM information_schema.columns WHERE table_schema = CURRENT_SCHEMA() AND table_name = 'semi_finished_ingredients' AND column_name = 'unit') AND objoid = (SELECT oid FROM pg_catalog.pg_class WHERE relname = 'semi_finished_ingredients' AND relnamespace = (SELECT oid FROM pg_catalog.pg_namespace WHERE nspname = CURRENT_SCHEMA()))

2025/11/03 13:18:17 [32m/Users/dmitrijfomin/Desktop/backend/internal/database/db.go:58
[0m[33m[120.033ms] [34;1m[rows:0][0m SELECT description FROM pg_catalog.pg_description WHERE objsubid = (SELECT ordinal_position FROM information_schema.columns WHERE table_schema = CURRENT_SCHEMA() AND table_name = 'semi_finished_ingredients' AND column_name = 'price_per_unit') AND objoid = (SELECT oid FROM pg_catalog.pg_class WHERE relname = 'semi_finished_ingredients' AND relnamespace = (SELECT oid FROM pg_catalog.pg_namespace WHERE nspname = CURRENT_SCHEMA()))

2025/11/03 13:18:17 [32m/Users/dmitrijfomin/Desktop/backend/internal/database/db.go:58
[0m[33m[135.442ms] [34;1m[rows:0][0m SELECT description FROM pg_catalog.pg_description WHERE objsubid = (SELECT ordinal_position FROM information_schema.columns WHERE table_schema = CURRENT_SCHEMA() AND table_name = 'semi_finished_ingredients' AND column_name = 'total_price') AND objoid = (SELECT oid FROM pg_catalog.pg_class WHERE relname = 'semi_finished_ingredients' AND relnamespace = (SELECT oid FROM pg_catalog.pg_namespace WHERE nspname = CURRENT_SCHEMA()))

2025/11/03 13:18:17 [32m/Users/dmitrijfomin/Desktop/backend/internal/database/db.go:58 [33mSLOW SQL >= 200ms
[0m[31;1m[233.026ms] [33m[rows:1][35m SELECT count(*) FROM INFORMATION_SCHEMA.table_constraints WHERE table_schema = CURRENT_SCHEMA() AND table_name = 'semi_finished_ingredients' AND constraint_name = 'fk_semi_finished_ingredients'[0m

2025/11/03 13:18:18 [32m/Users/dmitrijfomin/Desktop/backend/internal/database/db.go:58
[0m[33m[104.151ms] [34;1m[rows:1][0m SELECT count(*) FROM information_schema.tables WHERE table_schema = CURRENT_SCHEMA() AND table_name = 'Product' AND table_type = 'BASE TABLE'

2025/11/03 13:18:18 [32m/Users/dmitrijfomin/Desktop/backend/internal/database/db.go:58
[0m[33m[124.363ms] [34;1m[rows:1][0m SELECT CURRENT_DATABASE()

2025/11/03 13:18:18 [32m/Users/dmitrijfomin/Desktop/backend/internal/database/db.go:58
[0m[33m[121.973ms] [34;1m[rows:-][0m SELECT c.column_name, c.is_nullable = 'YES', c.udt_name, c.character_maximum_length, c.numeric_precision, c.numeric_precision_radix, c.numeric_scale, c.datetime_precision, 8 * typlen, c.column_default, pd.description, c.identity_increment FROM information_schema.columns AS c JOIN pg_type AS pgt ON c.udt_name = pgt.typname LEFT JOIN pg_catalog.pg_description as pd ON pd.objsubid = c.ordinal_position AND pd.objoid = (SELECT oid FROM pg_catalog.pg_class WHERE relname = c.table_name AND relnamespace = (SELECT oid FROM pg_catalog.pg_namespace WHERE nspname = c.table_schema)) where table_catalog = 'neondb' AND table_schema = CURRENT_SCHEMA() AND table_name = 'Product'

2025/11/03 13:18:18 [32m/Users/dmitrijfomin/Desktop/backend/internal/database/db.go:58
[0m[33m[97.872ms] [34;1m[rows:-][0m SELECT * FROM "Product" LIMIT 5

2025/11/03 13:18:18 [32m/Users/dmitrijfomin/Desktop/backend/internal/database/db.go:58
[0m[33m[110.313ms] [34;1m[rows:-][0m SELECT constraint_name FROM information_schema.table_constraints tc JOIN information_schema.constraint_column_usage AS ccu USING (constraint_schema, constraint_catalog, table_name, constraint_name) JOIN information_schema.columns AS c ON c.table_schema = tc.constraint_schema AND tc.table_name = c.table_name AND ccu.column_name = c.column_name WHERE constraint_type IN ('PRIMARY KEY', 'UNIQUE') AND c.table_catalog = 'neondb' AND c.table_schema = CURRENT_SCHEMA() AND c.table_name = 'Product' AND constraint_type = 'UNIQUE'

2025/11/03 13:18:18 [32m/Users/dmitrijfomin/Desktop/backend/internal/database/db.go:58
[0m[33m[125.465ms] [34;1m[rows:-][0m SELECT c.column_name, constraint_name, constraint_type FROM information_schema.table_constraints tc JOIN information_schema.constraint_column_usage AS ccu USING (constraint_schema, constraint_catalog, table_name, constraint_name) JOIN information_schema.columns AS c ON c.table_schema = tc.constraint_schema AND tc.table_name = c.table_name AND ccu.column_name = c.column_name WHERE constraint_type IN ('PRIMARY KEY', 'UNIQUE') AND c.table_catalog = 'neondb' AND c.table_schema = CURRENT_SCHEMA() AND c.table_name = 'Product'

2025/11/03 13:18:18 [32m/Users/dmitrijfomin/Desktop/backend/internal/database/db.go:58
[0m[33m[124.112ms] [34;1m[rows:-][0m SELECT a.attname as column_name, format_type(a.atttypid, a.atttypmod) AS data_type
		FROM pg_attribute a JOIN pg_class b ON a.attrelid = b.oid AND relnamespace = (SELECT oid FROM pg_catalog.pg_namespace WHERE nspname = CURRENT_SCHEMA())
		WHERE a.attnum > 0 -- hide internal columns
		AND NOT a.attisdropped -- hide deleted columns
		AND b.relname = 'Product'

2025/11/03 13:18:18 [32m/Users/dmitrijfomin/Desktop/backend/internal/database/db.go:58
[0m[33m[136.234ms] [34;1m[rows:0][0m SELECT description FROM pg_catalog.pg_description WHERE objsubid = (SELECT ordinal_position FROM information_schema.columns WHERE table_schema = CURRENT_SCHEMA() AND table_name = 'Product' AND column_name = 'id') AND objoid = (SELECT oid FROM pg_catalog.pg_class WHERE relname = 'Product' AND relnamespace = (SELECT oid FROM pg_catalog.pg_namespace WHERE nspname = CURRENT_SCHEMA()))

2025/11/03 13:18:19 [32m/Users/dmitrijfomin/Desktop/backend/internal/database/db.go:58
[0m[33m[130.723ms] [34;1m[rows:0][0m SELECT description FROM pg_catalog.pg_description WHERE objsubid = (SELECT ordinal_position FROM information_schema.columns WHERE table_schema = CURRENT_SCHEMA() AND table_name = 'Product' AND column_name = 'name') AND objoid = (SELECT oid FROM pg_catalog.pg_class WHERE relname = 'Product' AND relnamespace = (SELECT oid FROM pg_catalog.pg_namespace WHERE nspname = CURRENT_SCHEMA()))

2025/11/03 13:18:19 [32m/Users/dmitrijfomin/Desktop/backend/internal/database/db.go:58
[0m[33m[133.774ms] [34;1m[rows:0][0m SELECT description FROM pg_catalog.pg_description WHERE objsubid = (SELECT ordinal_position FROM information_schema.columns WHERE table_schema = CURRENT_SCHEMA() AND table_name = 'Product' AND column_name = 'description') AND objoid = (SELECT oid FROM pg_catalog.pg_class WHERE relname = 'Product' AND relnamespace = (SELECT oid FROM pg_catalog.pg_namespace WHERE nspname = CURRENT_SCHEMA()))

2025/11/03 13:18:19 [32m/Users/dmitrijfomin/Desktop/backend/internal/database/db.go:58
[0m[33m[115.361ms] [34;1m[rows:0][0m SELECT description FROM pg_catalog.pg_description WHERE objsubid = (SELECT ordinal_position FROM information_schema.columns WHERE table_schema = CURRENT_SCHEMA() AND table_name = 'Product' AND column_name = 'price') AND objoid = (SELECT oid FROM pg_catalog.pg_class WHERE relname = 'Product' AND relnamespace = (SELECT oid FROM pg_catalog.pg_namespace WHERE nspname = CURRENT_SCHEMA()))

2025/11/03 13:18:19 [32m/Users/dmitrijfomin/Desktop/backend/internal/database/db.go:58
[0m[33m[110.252ms] [34;1m[rows:0][0m SELECT description FROM pg_catalog.pg_description WHERE objsubid = (SELECT ordinal_position FROM information_schema.columns WHERE table_schema = CURRENT_SCHEMA() AND table_name = 'Product' AND column_name = 'imageUrl') AND objoid = (SELECT oid FROM pg_catalog.pg_class WHERE relname = 'Product' AND relnamespace = (SELECT oid FROM pg_catalog.pg_namespace WHERE nspname = CURRENT_SCHEMA()))

2025/11/03 13:18:19 [32m/Users/dmitrijfomin/Desktop/backend/internal/database/db.go:58
[0m[33m[128.086ms] [34;1m[rows:0][0m SELECT description FROM pg_catalog.pg_description WHERE objsubid = (SELECT ordinal_position FROM information_schema.columns WHERE table_schema = CURRENT_SCHEMA() AND table_name = 'Product' AND column_name = 'weight') AND objoid = (SELECT oid FROM pg_catalog.pg_class WHERE relname = 'Product' AND relnamespace = (SELECT oid FROM pg_catalog.pg_namespace WHERE nspname = CURRENT_SCHEMA()))

2025/11/03 13:18:19 [32m/Users/dmitrijfomin/Desktop/backend/internal/database/db.go:58
[0m[33m[121.331ms] [34;1m[rows:0][0m SELECT description FROM pg_catalog.pg_description WHERE objsubid = (SELECT ordinal_position FROM information_schema.columns WHERE table_schema = CURRENT_SCHEMA() AND table_name = 'Product' AND column_name = 'category') AND objoid = (SELECT oid FROM pg_catalog.pg_class WHERE relname = 'Product' AND relnamespace = (SELECT oid FROM pg_catalog.pg_namespace WHERE nspname = CURRENT_SCHEMA()))

2025/11/03 13:18:19 [32m/Users/dmitrijfomin/Desktop/backend/internal/database/db.go:58
[0m[33m[95.939ms] [34;1m[rows:0][0m SELECT description FROM pg_catalog.pg_description WHERE objsubid = (SELECT ordinal_position FROM information_schema.columns WHERE table_schema = CURRENT_SCHEMA() AND table_name = 'Product' AND column_name = 'isVisible') AND objoid = (SELECT oid FROM pg_catalog.pg_class WHERE relname = 'Product' AND relnamespace = (SELECT oid FROM pg_catalog.pg_namespace WHERE nspname = CURRENT_SCHEMA()))

2025/11/03 13:18:19 [32m/Users/dmitrijfomin/Desktop/backend/internal/database/db.go:58
[0m[33m[95.926ms] [34;1m[rows:0][0m SELECT description FROM pg_catalog.pg_description WHERE objsubid = (SELECT ordinal_position FROM information_schema.columns WHERE table_schema = CURRENT_SCHEMA() AND table_name = 'Product' AND column_name = 'createdAt') AND objoid = (SELECT oid FROM pg_catalog.pg_class WHERE relname = 'Product' AND relnamespace = (SELECT oid FROM pg_catalog.pg_namespace WHERE nspname = CURRENT_SCHEMA()))

2025/11/03 13:18:19 [32m/Users/dmitrijfomin/Desktop/backend/internal/database/db.go:58
[0m[33m[52.452ms] [34;1m[rows:1][0m SELECT count(*) FROM information_schema.tables WHERE table_schema = CURRENT_SCHEMA() AND table_name = 'product_ingredients' AND table_type = 'BASE TABLE'

2025/11/03 13:18:19 [32m/Users/dmitrijfomin/Desktop/backend/internal/database/db.go:58
[0m[33m[68.352ms] [34;1m[rows:1][0m SELECT CURRENT_DATABASE()

2025/11/03 13:18:20 [32m/Users/dmitrijfomin/Desktop/backend/internal/database/db.go:58
[0m[33m[72.727ms] [34;1m[rows:-][0m SELECT c.column_name, c.is_nullable = 'YES', c.udt_name, c.character_maximum_length, c.numeric_precision, c.numeric_precision_radix, c.numeric_scale, c.datetime_precision, 8 * typlen, c.column_default, pd.description, c.identity_increment FROM information_schema.columns AS c JOIN pg_type AS pgt ON c.udt_name = pgt.typname LEFT JOIN pg_catalog.pg_description as pd ON pd.objsubid = c.ordinal_position AND pd.objoid = (SELECT oid FROM pg_catalog.pg_class WHERE relname = c.table_name AND relnamespace = (SELECT oid FROM pg_catalog.pg_namespace WHERE nspname = c.table_schema)) where table_catalog = 'neondb' AND table_schema = CURRENT_SCHEMA() AND table_name = 'product_ingredients'

2025/11/03 13:18:20 [32m/Users/dmitrijfomin/Desktop/backend/internal/database/db.go:58
[0m[33m[91.684ms] [34;1m[rows:-][0m SELECT * FROM "product_ingredients" LIMIT 5

2025/11/03 13:18:20 [32m/Users/dmitrijfomin/Desktop/backend/internal/database/db.go:58
[0m[33m[83.761ms] [34;1m[rows:-][0m SELECT constraint_name FROM information_schema.table_constraints tc JOIN information_schema.constraint_column_usage AS ccu USING (constraint_schema, constraint_catalog, table_name, constraint_name) JOIN information_schema.columns AS c ON c.table_schema = tc.constraint_schema AND tc.table_name = c.table_name AND ccu.column_name = c.column_name WHERE constraint_type IN ('PRIMARY KEY', 'UNIQUE') AND c.table_catalog = 'neondb' AND c.table_schema = CURRENT_SCHEMA() AND c.table_name = 'product_ingredients' AND constraint_type = 'UNIQUE'

2025/11/03 13:18:20 [32m/Users/dmitrijfomin/Desktop/backend/internal/database/db.go:58
[0m[33m[101.517ms] [34;1m[rows:-][0m SELECT c.column_name, constraint_name, constraint_type FROM information_schema.table_constraints tc JOIN information_schema.constraint_column_usage AS ccu USING (constraint_schema, constraint_catalog, table_name, constraint_name) JOIN information_schema.columns AS c ON c.table_schema = tc.constraint_schema AND tc.table_name = c.table_name AND ccu.column_name = c.column_name WHERE constraint_type IN ('PRIMARY KEY', 'UNIQUE') AND c.table_catalog = 'neondb' AND c.table_schema = CURRENT_SCHEMA() AND c.table_name = 'product_ingredients'

2025/11/03 13:18:20 [32m/Users/dmitrijfomin/Desktop/backend/internal/database/db.go:58
[0m[33m[51.553ms] [34;1m[rows:-][0m SELECT a.attname as column_name, format_type(a.atttypid, a.atttypmod) AS data_type
		FROM pg_attribute a JOIN pg_class b ON a.attrelid = b.oid AND relnamespace = (SELECT oid FROM pg_catalog.pg_namespace WHERE nspname = CURRENT_SCHEMA())
		WHERE a.attnum > 0 -- hide internal columns
		AND NOT a.attisdropped -- hide deleted columns
		AND b.relname = 'product_ingredients'

2025/11/03 13:18:20 [32m/Users/dmitrijfomin/Desktop/backend/internal/database/db.go:58
[0m[33m[44.096ms] [34;1m[rows:0][0m SELECT description FROM pg_catalog.pg_description WHERE objsubid = (SELECT ordinal_position FROM information_schema.columns WHERE table_schema = CURRENT_SCHEMA() AND table_name = 'product_ingredients' AND column_name = 'id') AND objoid = (SELECT oid FROM pg_catalog.pg_class WHERE relname = 'product_ingredients' AND relnamespace = (SELECT oid FROM pg_catalog.pg_namespace WHERE nspname = CURRENT_SCHEMA()))

2025/11/03 13:18:20 [32m/Users/dmitrijfomin/Desktop/backend/internal/database/db.go:58
[0m[33m[32.254ms] [34;1m[rows:0][0m SELECT description FROM pg_catalog.pg_description WHERE objsubid = (SELECT ordinal_position FROM information_schema.columns WHERE table_schema = CURRENT_SCHEMA() AND table_name = 'product_ingredients' AND column_name = 'product_id') AND objoid = (SELECT oid FROM pg_catalog.pg_class WHERE relname = 'product_ingredients' AND relnamespace = (SELECT oid FROM pg_catalog.pg_namespace WHERE nspname = CURRENT_SCHEMA()))

2025/11/03 13:18:20 [32m/Users/dmitrijfomin/Desktop/backend/internal/database/db.go:58
[0m[33m[32.349ms] [34;1m[rows:0][0m SELECT description FROM pg_catalog.pg_description WHERE objsubid = (SELECT ordinal_position FROM information_schema.columns WHERE table_schema = CURRENT_SCHEMA() AND table_name = 'product_ingredients' AND column_name = 'ingredient_id') AND objoid = (SELECT oid FROM pg_catalog.pg_class WHERE relname = 'product_ingredients' AND relnamespace = (SELECT oid FROM pg_catalog.pg_namespace WHERE nspname = CURRENT_SCHEMA()))

2025/11/03 13:18:20 [32m/Users/dmitrijfomin/Desktop/backend/internal/database/db.go:58
[0m[33m[31.270ms] [34;1m[rows:0][0m SELECT description FROM pg_catalog.pg_description WHERE objsubid = (SELECT ordinal_position FROM information_schema.columns WHERE table_schema = CURRENT_SCHEMA() AND table_name = 'product_ingredients' AND column_name = 'ingredient_name') AND objoid = (SELECT oid FROM pg_catalog.pg_class WHERE relname = 'product_ingredients' AND relnamespace = (SELECT oid FROM pg_catalog.pg_namespace WHERE nspname = CURRENT_SCHEMA()))

2025/11/03 13:18:20 [32m/Users/dmitrijfomin/Desktop/backend/internal/database/db.go:58
[0m[33m[41.485ms] [34;1m[rows:0][0m SELECT description FROM pg_catalog.pg_description WHERE objsubid = (SELECT ordinal_position FROM information_schema.columns WHERE table_schema = CURRENT_SCHEMA() AND table_name = 'product_ingredients' AND column_name = 'quantity') AND objoid = (SELECT oid FROM pg_catalog.pg_class WHERE relname = 'product_ingredients' AND relnamespace = (SELECT oid FROM pg_catalog.pg_namespace WHERE nspname = CURRENT_SCHEMA()))

2025/11/03 13:18:20 [32m/Users/dmitrijfomin/Desktop/backend/internal/database/db.go:58
[0m[33m[51.260ms] [34;1m[rows:0][0m SELECT description FROM pg_catalog.pg_description WHERE objsubid = (SELECT ordinal_position FROM information_schema.columns WHERE table_schema = CURRENT_SCHEMA() AND table_name = 'product_ingredients' AND column_name = 'unit') AND objoid = (SELECT oid FROM pg_catalog.pg_class WHERE relname = 'product_ingredients' AND relnamespace = (SELECT oid FROM pg_catalog.pg_namespace WHERE nspname = CURRENT_SCHEMA()))

2025/11/03 13:18:20 [32m/Users/dmitrijfomin/Desktop/backend/internal/database/db.go:58
[0m[33m[77.131ms] [34;1m[rows:0][0m SELECT description FROM pg_catalog.pg_description WHERE objsubid = (SELECT ordinal_position FROM information_schema.columns WHERE table_schema = CURRENT_SCHEMA() AND table_name = 'product_ingredients' AND column_name = 'price_per_unit') AND objoid = (SELECT oid FROM pg_catalog.pg_class WHERE relname = 'product_ingredients' AND relnamespace = (SELECT oid FROM pg_catalog.pg_namespace WHERE nspname = CURRENT_SCHEMA()))

2025/11/03 13:18:20 [32m/Users/dmitrijfomin/Desktop/backend/internal/database/db.go:58
[0m[33m[88.423ms] [34;1m[rows:0][0m SELECT description FROM pg_catalog.pg_description WHERE objsubid = (SELECT ordinal_position FROM information_schema.columns WHERE table_schema = CURRENT_SCHEMA() AND table_name = 'product_ingredients' AND column_name = 'total_price') AND objoid = (SELECT oid FROM pg_catalog.pg_class WHERE relname = 'product_ingredients' AND relnamespace = (SELECT oid FROM pg_catalog.pg_namespace WHERE nspname = CURRENT_SCHEMA()))

2025/11/03 13:18:20 [32m/Users/dmitrijfomin/Desktop/backend/internal/database/db.go:58
[0m[33m[104.127ms] [34;1m[rows:1][0m SELECT count(*) FROM INFORMATION_SCHEMA.table_constraints WHERE table_schema = CURRENT_SCHEMA() AND table_name = 'product_ingredients' AND constraint_name = 'fk_Product_ingredients'

2025/11/03 13:18:20 [32m/Users/dmitrijfomin/Desktop/backend/internal/database/db.go:58
[0m[33m[106.719ms] [34;1m[rows:1][0m SELECT count(*) FROM information_schema.tables WHERE table_schema = CURRENT_SCHEMA() AND table_name = 'product_semi_finished' AND table_type = 'BASE TABLE'

2025/11/03 13:18:21 [32m/Users/dmitrijfomin/Desktop/backend/internal/database/db.go:58
[0m[33m[109.944ms] [34;1m[rows:1][0m SELECT CURRENT_DATABASE()

2025/11/03 13:18:21 [32m/Users/dmitrijfomin/Desktop/backend/internal/database/db.go:58
[0m[33m[136.592ms] [34;1m[rows:-][0m SELECT c.column_name, c.is_nullable = 'YES', c.udt_name, c.character_maximum_length, c.numeric_precision, c.numeric_precision_radix, c.numeric_scale, c.datetime_precision, 8 * typlen, c.column_default, pd.description, c.identity_increment FROM information_schema.columns AS c JOIN pg_type AS pgt ON c.udt_name = pgt.typname LEFT JOIN pg_catalog.pg_description as pd ON pd.objsubid = c.ordinal_position AND pd.objoid = (SELECT oid FROM pg_catalog.pg_class WHERE relname = c.table_name AND relnamespace = (SELECT oid FROM pg_catalog.pg_namespace WHERE nspname = c.table_schema)) where table_catalog = 'neondb' AND table_schema = CURRENT_SCHEMA() AND table_name = 'product_semi_finished'

2025/11/03 13:18:21 [32m/Users/dmitrijfomin/Desktop/backend/internal/database/db.go:58
[0m[33m[142.987ms] [34;1m[rows:-][0m SELECT * FROM "product_semi_finished" LIMIT 5

2025/11/03 13:18:21 [32m/Users/dmitrijfomin/Desktop/backend/internal/database/db.go:58
[0m[33m[88.150ms] [34;1m[rows:-][0m SELECT constraint_name FROM information_schema.table_constraints tc JOIN information_schema.constraint_column_usage AS ccu USING (constraint_schema, constraint_catalog, table_name, constraint_name) JOIN information_schema.columns AS c ON c.table_schema = tc.constraint_schema AND tc.table_name = c.table_name AND ccu.column_name = c.column_name WHERE constraint_type IN ('PRIMARY KEY', 'UNIQUE') AND c.table_catalog = 'neondb' AND c.table_schema = CURRENT_SCHEMA() AND c.table_name = 'product_semi_finished' AND constraint_type = 'UNIQUE'

2025/11/03 13:18:21 [32m/Users/dmitrijfomin/Desktop/backend/internal/database/db.go:58
[0m[33m[30.896ms] [34;1m[rows:-][0m SELECT c.column_name, constraint_name, constraint_type FROM information_schema.table_constraints tc JOIN information_schema.constraint_column_usage AS ccu USING (constraint_schema, constraint_catalog, table_name, constraint_name) JOIN information_schema.columns AS c ON c.table_schema = tc.constraint_schema AND tc.table_name = c.table_name AND ccu.column_name = c.column_name WHERE constraint_type IN ('PRIMARY KEY', 'UNIQUE') AND c.table_catalog = 'neondb' AND c.table_schema = CURRENT_SCHEMA() AND c.table_name = 'product_semi_finished'

2025/11/03 13:18:21 [32m/Users/dmitrijfomin/Desktop/backend/internal/database/db.go:58
[0m[33m[32.158ms] [34;1m[rows:-][0m SELECT a.attname as column_name, format_type(a.atttypid, a.atttypmod) AS data_type
		FROM pg_attribute a JOIN pg_class b ON a.attrelid = b.oid AND relnamespace = (SELECT oid FROM pg_catalog.pg_namespace WHERE nspname = CURRENT_SCHEMA())
		WHERE a.attnum > 0 -- hide internal columns
		AND NOT a.attisdropped -- hide deleted columns
		AND b.relname = 'product_semi_finished'

2025/11/03 13:18:21 [32m/Users/dmitrijfomin/Desktop/backend/internal/database/db.go:58
[0m[33m[31.765ms] [34;1m[rows:0][0m SELECT description FROM pg_catalog.pg_description WHERE objsubid = (SELECT ordinal_position FROM information_schema.columns WHERE table_schema = CURRENT_SCHEMA() AND table_name = 'product_semi_finished' AND column_name = 'id') AND objoid = (SELECT oid FROM pg_catalog.pg_class WHERE relname = 'product_semi_finished' AND relnamespace = (SELECT oid FROM pg_catalog.pg_namespace WHERE nspname = CURRENT_SCHEMA()))

2025/11/03 13:18:21 [32m/Users/dmitrijfomin/Desktop/backend/internal/database/db.go:58
[0m[33m[32.109ms] [34;1m[rows:0][0m SELECT description FROM pg_catalog.pg_description WHERE objsubid = (SELECT ordinal_position FROM information_schema.columns WHERE table_schema = CURRENT_SCHEMA() AND table_name = 'product_semi_finished' AND column_name = 'product_id') AND objoid = (SELECT oid FROM pg_catalog.pg_class WHERE relname = 'product_semi_finished' AND relnamespace = (SELECT oid FROM pg_catalog.pg_namespace WHERE nspname = CURRENT_SCHEMA()))

2025/11/03 13:18:21 [32m/Users/dmitrijfomin/Desktop/backend/internal/database/db.go:58
[0m[33m[30.516ms] [34;1m[rows:0][0m SELECT description FROM pg_catalog.pg_description WHERE objsubid = (SELECT ordinal_position FROM information_schema.columns WHERE table_schema = CURRENT_SCHEMA() AND table_name = 'product_semi_finished' AND column_name = 'semi_finished_id') AND objoid = (SELECT oid FROM pg_catalog.pg_class WHERE relname = 'product_semi_finished' AND relnamespace = (SELECT oid FROM pg_catalog.pg_namespace WHERE nspname = CURRENT_SCHEMA()))

2025/11/03 13:18:21 [32m/Users/dmitrijfomin/Desktop/backend/internal/database/db.go:58
[0m[33m[31.596ms] [34;1m[rows:0][0m SELECT description FROM pg_catalog.pg_description WHERE objsubid = (SELECT ordinal_position FROM information_schema.columns WHERE table_schema = CURRENT_SCHEMA() AND table_name = 'product_semi_finished' AND column_name = 'semi_finished_name') AND objoid = (SELECT oid FROM pg_catalog.pg_class WHERE relname = 'product_semi_finished' AND relnamespace = (SELECT oid FROM pg_catalog.pg_namespace WHERE nspname = CURRENT_SCHEMA()))

2025/11/03 13:18:21 [32m/Users/dmitrijfomin/Desktop/backend/internal/database/db.go:58
[0m[33m[29.972ms] [34;1m[rows:0][0m SELECT description FROM pg_catalog.pg_description WHERE objsubid = (SELECT ordinal_position FROM information_schema.columns WHERE table_schema = CURRENT_SCHEMA() AND table_name = 'product_semi_finished' AND column_name = 'quantity') AND objoid = (SELECT oid FROM pg_catalog.pg_class WHERE relname = 'product_semi_finished' AND relnamespace = (SELECT oid FROM pg_catalog.pg_namespace WHERE nspname = CURRENT_SCHEMA()))

2025/11/03 13:18:21 [32m/Users/dmitrijfomin/Desktop/backend/internal/database/db.go:58
[0m[33m[30.803ms] [34;1m[rows:0][0m SELECT description FROM pg_catalog.pg_description WHERE objsubid = (SELECT ordinal_position FROM information_schema.columns WHERE table_schema = CURRENT_SCHEMA() AND table_name = 'product_semi_finished' AND column_name = 'unit') AND objoid = (SELECT oid FROM pg_catalog.pg_class WHERE relname = 'product_semi_finished' AND relnamespace = (SELECT oid FROM pg_catalog.pg_namespace WHERE nspname = CURRENT_SCHEMA()))

2025/11/03 13:18:21 [32m/Users/dmitrijfomin/Desktop/backend/internal/database/db.go:58
[0m[33m[30.963ms] [34;1m[rows:0][0m SELECT description FROM pg_catalog.pg_description WHERE objsubid = (SELECT ordinal_position FROM information_schema.columns WHERE table_schema = CURRENT_SCHEMA() AND table_name = 'product_semi_finished' AND column_name = 'cost_per_unit') AND objoid = (SELECT oid FROM pg_catalog.pg_class WHERE relname = 'product_semi_finished' AND relnamespace = (SELECT oid FROM pg_catalog.pg_namespace WHERE nspname = CURRENT_SCHEMA()))

2025/11/03 13:18:21 [32m/Users/dmitrijfomin/Desktop/backend/internal/database/db.go:58
[0m[33m[31.153ms] [34;1m[rows:0][0m SELECT description FROM pg_catalog.pg_description WHERE objsubid = (SELECT ordinal_position FROM information_schema.columns WHERE table_schema = CURRENT_SCHEMA() AND table_name = 'product_semi_finished' AND column_name = 'total_cost') AND objoid = (SELECT oid FROM pg_catalog.pg_class WHERE relname = 'product_semi_finished' AND relnamespace = (SELECT oid FROM pg_catalog.pg_namespace WHERE nspname = CURRENT_SCHEMA()))

2025/11/03 13:18:21 [32m/Users/dmitrijfomin/Desktop/backend/internal/database/db.go:58
[0m[33m[30.709ms] [34;1m[rows:1][0m SELECT count(*) FROM INFORMATION_SCHEMA.table_constraints WHERE table_schema = CURRENT_SCHEMA() AND table_name = 'product_semi_finished' AND constraint_name = 'fk_Product_semi_finished'

2025/11/03 13:18:21 [32m/Users/dmitrijfomin/Desktop/backend/internal/database/db.go:58
[0m[33m[29.549ms] [34;1m[rows:1][0m SELECT count(*) FROM information_schema.tables WHERE table_schema = CURRENT_SCHEMA() AND table_name = 'Order' AND table_type = 'BASE TABLE'

2025/11/03 13:18:21 [32m/Users/dmitrijfomin/Desktop/backend/internal/database/db.go:58
[0m[33m[32.075ms] [34;1m[rows:1][0m SELECT CURRENT_DATABASE()

2025/11/03 13:18:21 [32m/Users/dmitrijfomin/Desktop/backend/internal/database/db.go:58
[0m[33m[32.144ms] [34;1m[rows:-][0m SELECT c.column_name, c.is_nullable = 'YES', c.udt_name, c.character_maximum_length, c.numeric_precision, c.numeric_precision_radix, c.numeric_scale, c.datetime_precision, 8 * typlen, c.column_default, pd.description, c.identity_increment FROM information_schema.columns AS c JOIN pg_type AS pgt ON c.udt_name = pgt.typname LEFT JOIN pg_catalog.pg_description as pd ON pd.objsubid = c.ordinal_position AND pd.objoid = (SELECT oid FROM pg_catalog.pg_class WHERE relname = c.table_name AND relnamespace = (SELECT oid FROM pg_catalog.pg_namespace WHERE nspname = c.table_schema)) where table_catalog = 'neondb' AND table_schema = CURRENT_SCHEMA() AND table_name = 'Order'

2025/11/03 13:18:21 [32m/Users/dmitrijfomin/Desktop/backend/internal/database/db.go:58
[0m[33m[30.663ms] [34;1m[rows:-][0m SELECT * FROM "Order" LIMIT 5

2025/11/03 13:18:21 [32m/Users/dmitrijfomin/Desktop/backend/internal/database/db.go:58
[0m[33m[32.476ms] [34;1m[rows:-][0m SELECT constraint_name FROM information_schema.table_constraints tc JOIN information_schema.constraint_column_usage AS ccu USING (constraint_schema, constraint_catalog, table_name, constraint_name) JOIN information_schema.columns AS c ON c.table_schema = tc.constraint_schema AND tc.table_name = c.table_name AND ccu.column_name = c.column_name WHERE constraint_type IN ('PRIMARY KEY', 'UNIQUE') AND c.table_catalog = 'neondb' AND c.table_schema = CURRENT_SCHEMA() AND c.table_name = 'Order' AND constraint_type = 'UNIQUE'

2025/11/03 13:18:21 [32m/Users/dmitrijfomin/Desktop/backend/internal/database/db.go:58
[0m[33m[31.379ms] [34;1m[rows:-][0m SELECT c.column_name, constraint_name, constraint_type FROM information_schema.table_constraints tc JOIN information_schema.constraint_column_usage AS ccu USING (constraint_schema, constraint_catalog, table_name, constraint_name) JOIN information_schema.columns AS c ON c.table_schema = tc.constraint_schema AND tc.table_name = c.table_name AND ccu.column_name = c.column_name WHERE constraint_type IN ('PRIMARY KEY', 'UNIQUE') AND c.table_catalog = 'neondb' AND c.table_schema = CURRENT_SCHEMA() AND c.table_name = 'Order'

2025/11/03 13:18:22 [32m/Users/dmitrijfomin/Desktop/backend/internal/database/db.go:58
[0m[33m[30.452ms] [34;1m[rows:-][0m SELECT a.attname as column_name, format_type(a.atttypid, a.atttypmod) AS data_type
		FROM pg_attribute a JOIN pg_class b ON a.attrelid = b.oid AND relnamespace = (SELECT oid FROM pg_catalog.pg_namespace WHERE nspname = CURRENT_SCHEMA())
		WHERE a.attnum > 0 -- hide internal columns
		AND NOT a.attisdropped -- hide deleted columns
		AND b.relname = 'Order'

2025/11/03 13:18:22 [32m/Users/dmitrijfomin/Desktop/backend/internal/database/db.go:58
[0m[33m[30.718ms] [34;1m[rows:0][0m SELECT description FROM pg_catalog.pg_description WHERE objsubid = (SELECT ordinal_position FROM information_schema.columns WHERE table_schema = CURRENT_SCHEMA() AND table_name = 'Order' AND column_name = 'id') AND objoid = (SELECT oid FROM pg_catalog.pg_class WHERE relname = 'Order' AND relnamespace = (SELECT oid FROM pg_catalog.pg_namespace WHERE nspname = CURRENT_SCHEMA()))

2025/11/03 13:18:22 [32m/Users/dmitrijfomin/Desktop/backend/internal/database/db.go:58
[0m[33m[31.336ms] [34;1m[rows:0][0m SELECT description FROM pg_catalog.pg_description WHERE objsubid = (SELECT ordinal_position FROM information_schema.columns WHERE table_schema = CURRENT_SCHEMA() AND table_name = 'Order' AND column_name = 'user_id') AND objoid = (SELECT oid FROM pg_catalog.pg_class WHERE relname = 'Order' AND relnamespace = (SELECT oid FROM pg_catalog.pg_namespace WHERE nspname = CURRENT_SCHEMA()))

2025/11/03 13:18:22 [32m/Users/dmitrijfomin/Desktop/backend/internal/database/db.go:58
[0m[33m[30.680ms] [34;1m[rows:0][0m SELECT description FROM pg_catalog.pg_description WHERE objsubid = (SELECT ordinal_position FROM information_schema.columns WHERE table_schema = CURRENT_SCHEMA() AND table_name = 'Order' AND column_name = 'name') AND objoid = (SELECT oid FROM pg_catalog.pg_class WHERE relname = 'Order' AND relnamespace = (SELECT oid FROM pg_catalog.pg_namespace WHERE nspname = CURRENT_SCHEMA()))

2025/11/03 13:18:22 [32m/Users/dmitrijfomin/Desktop/backend/internal/database/db.go:58
[0m[33m[30.475ms] [34;1m[rows:0][0m SELECT description FROM pg_catalog.pg_description WHERE objsubid = (SELECT ordinal_position FROM information_schema.columns WHERE table_schema = CURRENT_SCHEMA() AND table_name = 'Order' AND column_name = 'status') AND objoid = (SELECT oid FROM pg_catalog.pg_class WHERE relname = 'Order' AND relnamespace = (SELECT oid FROM pg_catalog.pg_namespace WHERE nspname = CURRENT_SCHEMA()))

2025/11/03 13:18:22 [32m/Users/dmitrijfomin/Desktop/backend/internal/database/db.go:58
[0m[33m[30.227ms] [34;1m[rows:0][0m SELECT description FROM pg_catalog.pg_description WHERE objsubid = (SELECT ordinal_position FROM information_schema.columns WHERE table_schema = CURRENT_SCHEMA() AND table_name = 'Order' AND column_name = 'total') AND objoid = (SELECT oid FROM pg_catalog.pg_class WHERE relname = 'Order' AND relnamespace = (SELECT oid FROM pg_catalog.pg_namespace WHERE nspname = CURRENT_SCHEMA()))

2025/11/03 13:18:22 [32m/Users/dmitrijfomin/Desktop/backend/internal/database/db.go:58
[0m[33m[30.700ms] [34;1m[rows:0][0m SELECT description FROM pg_catalog.pg_description WHERE objsubid = (SELECT ordinal_position FROM information_schema.columns WHERE table_schema = CURRENT_SCHEMA() AND table_name = 'Order' AND column_name = 'address') AND objoid = (SELECT oid FROM pg_catalog.pg_class WHERE relname = 'Order' AND relnamespace = (SELECT oid FROM pg_catalog.pg_namespace WHERE nspname = CURRENT_SCHEMA()))

2025/11/03 13:18:22 [32m/Users/dmitrijfomin/Desktop/backend/internal/database/db.go:58
[0m[33m[30.202ms] [34;1m[rows:0][0m SELECT description FROM pg_catalog.pg_description WHERE objsubid = (SELECT ordinal_position FROM information_schema.columns WHERE table_schema = CURRENT_SCHEMA() AND table_name = 'Order' AND column_name = 'phone') AND objoid = (SELECT oid FROM pg_catalog.pg_class WHERE relname = 'Order' AND relnamespace = (SELECT oid FROM pg_catalog.pg_namespace WHERE nspname = CURRENT_SCHEMA()))

2025/11/03 13:18:22 [32m/Users/dmitrijfomin/Desktop/backend/internal/database/db.go:58
[0m[33m[35.364ms] [34;1m[rows:0][0m SELECT description FROM pg_catalog.pg_description WHERE objsubid = (SELECT ordinal_position FROM information_schema.columns WHERE table_schema = CURRENT_SCHEMA() AND table_name = 'Order' AND column_name = 'comment') AND objoid = (SELECT oid FROM pg_catalog.pg_class WHERE relname = 'Order' AND relnamespace = (SELECT oid FROM pg_catalog.pg_namespace WHERE nspname = CURRENT_SCHEMA()))

2025/11/03 13:18:22 [32m/Users/dmitrijfomin/Desktop/backend/internal/database/db.go:58
[0m[33m[30.717ms] [34;1m[rows:0][0m SELECT description FROM pg_catalog.pg_description WHERE objsubid = (SELECT ordinal_position FROM information_schema.columns WHERE table_schema = CURRENT_SCHEMA() AND table_name = 'Order' AND column_name = 'created_at') AND objoid = (SELECT oid FROM pg_catalog.pg_class WHERE relname = 'Order' AND relnamespace = (SELECT oid FROM pg_catalog.pg_namespace WHERE nspname = CURRENT_SCHEMA()))

2025/11/03 13:18:22 [32m/Users/dmitrijfomin/Desktop/backend/internal/database/db.go:58
[0m[33m[30.063ms] [34;1m[rows:0][0m SELECT description FROM pg_catalog.pg_description WHERE objsubid = (SELECT ordinal_position FROM information_schema.columns WHERE table_schema = CURRENT_SCHEMA() AND table_name = 'Order' AND column_name = 'updated_at') AND objoid = (SELECT oid FROM pg_catalog.pg_class WHERE relname = 'Order' AND relnamespace = (SELECT oid FROM pg_catalog.pg_namespace WHERE nspname = CURRENT_SCHEMA()))

2025/11/03 13:18:22 [32m/Users/dmitrijfomin/Desktop/backend/internal/database/db.go:58
[0m[33m[30.641ms] [34;1m[rows:1][0m SELECT count(*) FROM information_schema.tables WHERE table_schema = CURRENT_SCHEMA() AND table_name = 'OrderItem' AND table_type = 'BASE TABLE'

2025/11/03 13:18:22 [32m/Users/dmitrijfomin/Desktop/backend/internal/database/db.go:58
[0m[33m[29.365ms] [34;1m[rows:1][0m SELECT CURRENT_DATABASE()

2025/11/03 13:18:22 [32m/Users/dmitrijfomin/Desktop/backend/internal/database/db.go:58
[0m[33m[30.634ms] [34;1m[rows:-][0m SELECT c.column_name, c.is_nullable = 'YES', c.udt_name, c.character_maximum_length, c.numeric_precision, c.numeric_precision_radix, c.numeric_scale, c.datetime_precision, 8 * typlen, c.column_default, pd.description, c.identity_increment FROM information_schema.columns AS c JOIN pg_type AS pgt ON c.udt_name = pgt.typname LEFT JOIN pg_catalog.pg_description as pd ON pd.objsubid = c.ordinal_position AND pd.objoid = (SELECT oid FROM pg_catalog.pg_class WHERE relname = c.table_name AND relnamespace = (SELECT oid FROM pg_catalog.pg_namespace WHERE nspname = c.table_schema)) where table_catalog = 'neondb' AND table_schema = CURRENT_SCHEMA() AND table_name = 'OrderItem'

2025/11/03 13:18:22 [32m/Users/dmitrijfomin/Desktop/backend/internal/database/db.go:58
[0m[33m[29.986ms] [34;1m[rows:-][0m SELECT * FROM "OrderItem" LIMIT 5

2025/11/03 13:18:22 [32m/Users/dmitrijfomin/Desktop/backend/internal/database/db.go:58
[0m[33m[31.042ms] [34;1m[rows:-][0m SELECT constraint_name FROM information_schema.table_constraints tc JOIN information_schema.constraint_column_usage AS ccu USING (constraint_schema, constraint_catalog, table_name, constraint_name) JOIN information_schema.columns AS c ON c.table_schema = tc.constraint_schema AND tc.table_name = c.table_name AND ccu.column_name = c.column_name WHERE constraint_type IN ('PRIMARY KEY', 'UNIQUE') AND c.table_catalog = 'neondb' AND c.table_schema = CURRENT_SCHEMA() AND c.table_name = 'OrderItem' AND constraint_type = 'UNIQUE'

2025/11/03 13:18:22 [32m/Users/dmitrijfomin/Desktop/backend/internal/database/db.go:58
[0m[33m[31.207ms] [34;1m[rows:-][0m SELECT c.column_name, constraint_name, constraint_type FROM information_schema.table_constraints tc JOIN information_schema.constraint_column_usage AS ccu USING (constraint_schema, constraint_catalog, table_name, constraint_name) JOIN information_schema.columns AS c ON c.table_schema = tc.constraint_schema AND tc.table_name = c.table_name AND ccu.column_name = c.column_name WHERE constraint_type IN ('PRIMARY KEY', 'UNIQUE') AND c.table_catalog = 'neondb' AND c.table_schema = CURRENT_SCHEMA() AND c.table_name = 'OrderItem'

2025/11/03 13:18:22 [32m/Users/dmitrijfomin/Desktop/backend/internal/database/db.go:58
[0m[33m[30.356ms] [34;1m[rows:-][0m SELECT a.attname as column_name, format_type(a.atttypid, a.atttypmod) AS data_type
		FROM pg_attribute a JOIN pg_class b ON a.attrelid = b.oid AND relnamespace = (SELECT oid FROM pg_catalog.pg_namespace WHERE nspname = CURRENT_SCHEMA())
		WHERE a.attnum > 0 -- hide internal columns
		AND NOT a.attisdropped -- hide deleted columns
		AND b.relname = 'OrderItem'

2025/11/03 13:18:22 [32m/Users/dmitrijfomin/Desktop/backend/internal/database/db.go:58
[0m[33m[30.931ms] [34;1m[rows:0][0m SELECT description FROM pg_catalog.pg_description WHERE objsubid = (SELECT ordinal_position FROM information_schema.columns WHERE table_schema = CURRENT_SCHEMA() AND table_name = 'OrderItem' AND column_name = 'id') AND objoid = (SELECT oid FROM pg_catalog.pg_class WHERE relname = 'OrderItem' AND relnamespace = (SELECT oid FROM pg_catalog.pg_namespace WHERE nspname = CURRENT_SCHEMA()))

2025/11/03 13:18:22 [32m/Users/dmitrijfomin/Desktop/backend/internal/database/db.go:58
[0m[33m[30.495ms] [34;1m[rows:0][0m SELECT description FROM pg_catalog.pg_description WHERE objsubid = (SELECT ordinal_position FROM information_schema.columns WHERE table_schema = CURRENT_SCHEMA() AND table_name = 'OrderItem' AND column_name = 'order_id') AND objoid = (SELECT oid FROM pg_catalog.pg_class WHERE relname = 'OrderItem' AND relnamespace = (SELECT oid FROM pg_catalog.pg_namespace WHERE nspname = CURRENT_SCHEMA()))

2025/11/03 13:18:22 [32m/Users/dmitrijfomin/Desktop/backend/internal/database/db.go:58
[0m[33m[29.911ms] [34;1m[rows:0][0m SELECT description FROM pg_catalog.pg_description WHERE objsubid = (SELECT ordinal_position FROM information_schema.columns WHERE table_schema = CURRENT_SCHEMA() AND table_name = 'OrderItem' AND column_name = 'product_id') AND objoid = (SELECT oid FROM pg_catalog.pg_class WHERE relname = 'OrderItem' AND relnamespace = (SELECT oid FROM pg_catalog.pg_namespace WHERE nspname = CURRENT_SCHEMA()))

2025/11/03 13:18:22 [32m/Users/dmitrijfomin/Desktop/backend/internal/database/db.go:58
[0m[33m[30.979ms] [34;1m[rows:0][0m SELECT description FROM pg_catalog.pg_description WHERE objsubid = (SELECT ordinal_position FROM information_schema.columns WHERE table_schema = CURRENT_SCHEMA() AND table_name = 'OrderItem' AND column_name = 'quantity') AND objoid = (SELECT oid FROM pg_catalog.pg_class WHERE relname = 'OrderItem' AND relnamespace = (SELECT oid FROM pg_catalog.pg_namespace WHERE nspname = CURRENT_SCHEMA()))

2025/11/03 13:18:22 [32m/Users/dmitrijfomin/Desktop/backend/internal/database/db.go:58
[0m[33m[30.163ms] [34;1m[rows:0][0m SELECT description FROM pg_catalog.pg_description WHERE objsubid = (SELECT ordinal_position FROM information_schema.columns WHERE table_schema = CURRENT_SCHEMA() AND table_name = 'OrderItem' AND column_name = 'price') AND objoid = (SELECT oid FROM pg_catalog.pg_class WHERE relname = 'OrderItem' AND relnamespace = (SELECT oid FROM pg_catalog.pg_namespace WHERE nspname = CURRENT_SCHEMA()))

2025/11/03 13:18:22 [32m/Users/dmitrijfomin/Desktop/backend/internal/database/db.go:58
[0m[33m[30.284ms] [34;1m[rows:1][0m SELECT count(*) FROM INFORMATION_SCHEMA.table_constraints WHERE table_schema = CURRENT_SCHEMA() AND table_name = 'OrderItem' AND constraint_name = 'fk_Order_items'

2025/11/03 13:18:22 [32m/Users/dmitrijfomin/Desktop/backend/internal/database/db.go:58
[0m[33m[30.546ms] [34;1m[rows:1][0m SELECT count(*) FROM information_schema.tables WHERE table_schema = CURRENT_SCHEMA() AND table_name = 'Business' AND table_type = 'BASE TABLE'

2025/11/03 13:18:22 [32m/Users/dmitrijfomin/Desktop/backend/internal/database/db.go:58
[0m[33m[30.239ms] [34;1m[rows:1][0m SELECT CURRENT_DATABASE()

2025/11/03 13:18:22 [32m/Users/dmitrijfomin/Desktop/backend/internal/database/db.go:58
[0m[33m[31.525ms] [34;1m[rows:-][0m SELECT c.column_name, c.is_nullable = 'YES', c.udt_name, c.character_maximum_length, c.numeric_precision, c.numeric_precision_radix, c.numeric_scale, c.datetime_precision, 8 * typlen, c.column_default, pd.description, c.identity_increment FROM information_schema.columns AS c JOIN pg_type AS pgt ON c.udt_name = pgt.typname LEFT JOIN pg_catalog.pg_description as pd ON pd.objsubid = c.ordinal_position AND pd.objoid = (SELECT oid FROM pg_catalog.pg_class WHERE relname = c.table_name AND relnamespace = (SELECT oid FROM pg_catalog.pg_namespace WHERE nspname = c.table_schema)) where table_catalog = 'neondb' AND table_schema = CURRENT_SCHEMA() AND table_name = 'Business'

2025/11/03 13:18:22 [32m/Users/dmitrijfomin/Desktop/backend/internal/database/db.go:58
[0m[33m[30.128ms] [34;1m[rows:-][0m SELECT * FROM "Business" LIMIT 5

2025/11/03 13:18:22 [32m/Users/dmitrijfomin/Desktop/backend/internal/database/db.go:58
[0m[33m[31.771ms] [34;1m[rows:-][0m SELECT constraint_name FROM information_schema.table_constraints tc JOIN information_schema.constraint_column_usage AS ccu USING (constraint_schema, constraint_catalog, table_name, constraint_name) JOIN information_schema.columns AS c ON c.table_schema = tc.constraint_schema AND tc.table_name = c.table_name AND ccu.column_name = c.column_name WHERE constraint_type IN ('PRIMARY KEY', 'UNIQUE') AND c.table_catalog = 'neondb' AND c.table_schema = CURRENT_SCHEMA() AND c.table_name = 'Business' AND constraint_type = 'UNIQUE'

2025/11/03 13:18:22 [32m/Users/dmitrijfomin/Desktop/backend/internal/database/db.go:58
[0m[33m[31.886ms] [34;1m[rows:-][0m SELECT c.column_name, constraint_name, constraint_type FROM information_schema.table_constraints tc JOIN information_schema.constraint_column_usage AS ccu USING (constraint_schema, constraint_catalog, table_name, constraint_name) JOIN information_schema.columns AS c ON c.table_schema = tc.constraint_schema AND tc.table_name = c.table_name AND ccu.column_name = c.column_name WHERE constraint_type IN ('PRIMARY KEY', 'UNIQUE') AND c.table_catalog = 'neondb' AND c.table_schema = CURRENT_SCHEMA() AND c.table_name = 'Business'

2025/11/03 13:18:22 [32m/Users/dmitrijfomin/Desktop/backend/internal/database/db.go:58
[0m[33m[32.097ms] [34;1m[rows:-][0m SELECT a.attname as column_name, format_type(a.atttypid, a.atttypmod) AS data_type
		FROM pg_attribute a JOIN pg_class b ON a.attrelid = b.oid AND relnamespace = (SELECT oid FROM pg_catalog.pg_namespace WHERE nspname = CURRENT_SCHEMA())
		WHERE a.attnum > 0 -- hide internal columns
		AND NOT a.attisdropped -- hide deleted columns
		AND b.relname = 'Business'

2025/11/03 13:18:23 [32m/Users/dmitrijfomin/Desktop/backend/internal/database/db.go:58
[0m[33m[31.963ms] [34;1m[rows:0][0m SELECT description FROM pg_catalog.pg_description WHERE objsubid = (SELECT ordinal_position FROM information_schema.columns WHERE table_schema = CURRENT_SCHEMA() AND table_name = 'Business' AND column_name = 'id') AND objoid = (SELECT oid FROM pg_catalog.pg_class WHERE relname = 'Business' AND relnamespace = (SELECT oid FROM pg_catalog.pg_namespace WHERE nspname = CURRENT_SCHEMA()))

2025/11/03 13:18:23 [32m/Users/dmitrijfomin/Desktop/backend/internal/database/db.go:58
[0m[33m[30.743ms] [34;1m[rows:0][0m SELECT description FROM pg_catalog.pg_description WHERE objsubid = (SELECT ordinal_position FROM information_schema.columns WHERE table_schema = CURRENT_SCHEMA() AND table_name = 'Business' AND column_name = 'owner_id') AND objoid = (SELECT oid FROM pg_catalog.pg_class WHERE relname = 'Business' AND relnamespace = (SELECT oid FROM pg_catalog.pg_namespace WHERE nspname = CURRENT_SCHEMA()))

2025/11/03 13:18:23 [32m/Users/dmitrijfomin/Desktop/backend/internal/database/db.go:58
[0m[33m[30.949ms] [34;1m[rows:0][0m SELECT description FROM pg_catalog.pg_description WHERE objsubid = (SELECT ordinal_position FROM information_schema.columns WHERE table_schema = CURRENT_SCHEMA() AND table_name = 'Business' AND column_name = 'name') AND objoid = (SELECT oid FROM pg_catalog.pg_class WHERE relname = 'Business' AND relnamespace = (SELECT oid FROM pg_catalog.pg_namespace WHERE nspname = CURRENT_SCHEMA()))

2025/11/03 13:18:23 [32m/Users/dmitrijfomin/Desktop/backend/internal/database/db.go:58
[0m[33m[30.494ms] [34;1m[rows:0][0m SELECT description FROM pg_catalog.pg_description WHERE objsubid = (SELECT ordinal_position FROM information_schema.columns WHERE table_schema = CURRENT_SCHEMA() AND table_name = 'Business' AND column_name = 'description') AND objoid = (SELECT oid FROM pg_catalog.pg_class WHERE relname = 'Business' AND relnamespace = (SELECT oid FROM pg_catalog.pg_namespace WHERE nspname = CURRENT_SCHEMA()))

2025/11/03 13:18:23 [32m/Users/dmitrijfomin/Desktop/backend/internal/database/db.go:58
[0m[33m[30.571ms] [34;1m[rows:0][0m SELECT description FROM pg_catalog.pg_description WHERE objsubid = (SELECT ordinal_position FROM information_schema.columns WHERE table_schema = CURRENT_SCHEMA() AND table_name = 'Business' AND column_name = 'category') AND objoid = (SELECT oid FROM pg_catalog.pg_class WHERE relname = 'Business' AND relnamespace = (SELECT oid FROM pg_catalog.pg_namespace WHERE nspname = CURRENT_SCHEMA()))

2025/11/03 13:18:23 [32m/Users/dmitrijfomin/Desktop/backend/internal/database/db.go:58
[0m[33m[30.362ms] [34;1m[rows:0][0m SELECT description FROM pg_catalog.pg_description WHERE objsubid = (SELECT ordinal_position FROM information_schema.columns WHERE table_schema = CURRENT_SCHEMA() AND table_name = 'Business' AND column_name = 'city') AND objoid = (SELECT oid FROM pg_catalog.pg_class WHERE relname = 'Business' AND relnamespace = (SELECT oid FROM pg_catalog.pg_namespace WHERE nspname = CURRENT_SCHEMA()))

2025/11/03 13:18:23 [32m/Users/dmitrijfomin/Desktop/backend/internal/database/db.go:58
[0m[33m[31.541ms] [34;1m[rows:0][0m SELECT description FROM pg_catalog.pg_description WHERE objsubid = (SELECT ordinal_position FROM information_schema.columns WHERE table_schema = CURRENT_SCHEMA() AND table_name = 'Business' AND column_name = 'is_active') AND objoid = (SELECT oid FROM pg_catalog.pg_class WHERE relname = 'Business' AND relnamespace = (SELECT oid FROM pg_catalog.pg_namespace WHERE nspname = CURRENT_SCHEMA()))

2025/11/03 13:18:23 [32m/Users/dmitrijfomin/Desktop/backend/internal/database/db.go:58
[0m[33m[30.977ms] [34;1m[rows:0][0m SELECT description FROM pg_catalog.pg_description WHERE objsubid = (SELECT ordinal_position FROM information_schema.columns WHERE table_schema = CURRENT_SCHEMA() AND table_name = 'Business' AND column_name = 'created_at') AND objoid = (SELECT oid FROM pg_catalog.pg_class WHERE relname = 'Business' AND relnamespace = (SELECT oid FROM pg_catalog.pg_namespace WHERE nspname = CURRENT_SCHEMA()))

2025/11/03 13:18:23 [32m/Users/dmitrijfomin/Desktop/backend/internal/database/db.go:58
[0m[33m[29.882ms] [34;1m[rows:0][0m SELECT description FROM pg_catalog.pg_description WHERE objsubid = (SELECT ordinal_position FROM information_schema.columns WHERE table_schema = CURRENT_SCHEMA() AND table_name = 'Business' AND column_name = 'updated_at') AND objoid = (SELECT oid FROM pg_catalog.pg_class WHERE relname = 'Business' AND relnamespace = (SELECT oid FROM pg_catalog.pg_namespace WHERE nspname = CURRENT_SCHEMA()))

2025/11/03 13:18:23 [32m/Users/dmitrijfomin/Desktop/backend/internal/database/db.go:58
[0m[33m[33.596ms] [34;1m[rows:1][0m SELECT count(*) FROM information_schema.tables WHERE table_schema = CURRENT_SCHEMA() AND table_name = 'BusinessToken' AND table_type = 'BASE TABLE'

2025/11/03 13:18:23 [32m/Users/dmitrijfomin/Desktop/backend/internal/database/db.go:58
[0m[33m[29.562ms] [34;1m[rows:1][0m SELECT CURRENT_DATABASE()

2025/11/03 13:18:23 [32m/Users/dmitrijfomin/Desktop/backend/internal/database/db.go:58
[0m[33m[32.040ms] [34;1m[rows:-][0m SELECT c.column_name, c.is_nullable = 'YES', c.udt_name, c.character_maximum_length, c.numeric_precision, c.numeric_precision_radix, c.numeric_scale, c.datetime_precision, 8 * typlen, c.column_default, pd.description, c.identity_increment FROM information_schema.columns AS c JOIN pg_type AS pgt ON c.udt_name = pgt.typname LEFT JOIN pg_catalog.pg_description as pd ON pd.objsubid = c.ordinal_position AND pd.objoid = (SELECT oid FROM pg_catalog.pg_class WHERE relname = c.table_name AND relnamespace = (SELECT oid FROM pg_catalog.pg_namespace WHERE nspname = c.table_schema)) where table_catalog = 'neondb' AND table_schema = CURRENT_SCHEMA() AND table_name = 'BusinessToken'

2025/11/03 13:18:23 [32m/Users/dmitrijfomin/Desktop/backend/internal/database/db.go:58
[0m[33m[31.353ms] [34;1m[rows:-][0m SELECT * FROM "BusinessToken" LIMIT 5

2025/11/03 13:18:23 [32m/Users/dmitrijfomin/Desktop/backend/internal/database/db.go:58
[0m[33m[32.321ms] [34;1m[rows:-][0m SELECT constraint_name FROM information_schema.table_constraints tc JOIN information_schema.constraint_column_usage AS ccu USING (constraint_schema, constraint_catalog, table_name, constraint_name) JOIN information_schema.columns AS c ON c.table_schema = tc.constraint_schema AND tc.table_name = c.table_name AND ccu.column_name = c.column_name WHERE constraint_type IN ('PRIMARY KEY', 'UNIQUE') AND c.table_catalog = 'neondb' AND c.table_schema = CURRENT_SCHEMA() AND c.table_name = 'BusinessToken' AND constraint_type = 'UNIQUE'

2025/11/03 13:18:23 [32m/Users/dmitrijfomin/Desktop/backend/internal/database/db.go:58
[0m[33m[32.101ms] [34;1m[rows:-][0m SELECT c.column_name, constraint_name, constraint_type FROM information_schema.table_constraints tc JOIN information_schema.constraint_column_usage AS ccu USING (constraint_schema, constraint_catalog, table_name, constraint_name) JOIN information_schema.columns AS c ON c.table_schema = tc.constraint_schema AND tc.table_name = c.table_name AND ccu.column_name = c.column_name WHERE constraint_type IN ('PRIMARY KEY', 'UNIQUE') AND c.table_catalog = 'neondb' AND c.table_schema = CURRENT_SCHEMA() AND c.table_name = 'BusinessToken'

2025/11/03 13:18:23 [32m/Users/dmitrijfomin/Desktop/backend/internal/database/db.go:58
[0m[33m[31.143ms] [34;1m[rows:-][0m SELECT a.attname as column_name, format_type(a.atttypid, a.atttypmod) AS data_type
		FROM pg_attribute a JOIN pg_class b ON a.attrelid = b.oid AND relnamespace = (SELECT oid FROM pg_catalog.pg_namespace WHERE nspname = CURRENT_SCHEMA())
		WHERE a.attnum > 0 -- hide internal columns
		AND NOT a.attisdropped -- hide deleted columns
		AND b.relname = 'BusinessToken'

2025/11/03 13:18:23 [32m/Users/dmitrijfomin/Desktop/backend/internal/database/db.go:58
[0m[33m[30.408ms] [34;1m[rows:0][0m SELECT description FROM pg_catalog.pg_description WHERE objsubid = (SELECT ordinal_position FROM information_schema.columns WHERE table_schema = CURRENT_SCHEMA() AND table_name = 'BusinessToken' AND column_name = 'id') AND objoid = (SELECT oid FROM pg_catalog.pg_class WHERE relname = 'BusinessToken' AND relnamespace = (SELECT oid FROM pg_catalog.pg_namespace WHERE nspname = CURRENT_SCHEMA()))

2025/11/03 13:18:23 [32m/Users/dmitrijfomin/Desktop/backend/internal/database/db.go:58
[0m[33m[30.410ms] [34;1m[rows:0][0m SELECT description FROM pg_catalog.pg_description WHERE objsubid = (SELECT ordinal_position FROM information_schema.columns WHERE table_schema = CURRENT_SCHEMA() AND table_name = 'BusinessToken' AND column_name = 'business_id') AND objoid = (SELECT oid FROM pg_catalog.pg_class WHERE relname = 'BusinessToken' AND relnamespace = (SELECT oid FROM pg_catalog.pg_namespace WHERE nspname = CURRENT_SCHEMA()))

2025/11/03 13:18:23 [32m/Users/dmitrijfomin/Desktop/backend/internal/database/db.go:58
[0m[33m[30.381ms] [34;1m[rows:0][0m SELECT description FROM pg_catalog.pg_description WHERE objsubid = (SELECT ordinal_position FROM information_schema.columns WHERE table_schema = CURRENT_SCHEMA() AND table_name = 'BusinessToken' AND column_name = 'symbol') AND objoid = (SELECT oid FROM pg_catalog.pg_class WHERE relname = 'BusinessToken' AND relnamespace = (SELECT oid FROM pg_catalog.pg_namespace WHERE nspname = CURRENT_SCHEMA()))

2025/11/03 13:18:23 [32m/Users/dmitrijfomin/Desktop/backend/internal/database/db.go:58
[0m[33m[31.018ms] [34;1m[rows:0][0m SELECT description FROM pg_catalog.pg_description WHERE objsubid = (SELECT ordinal_position FROM information_schema.columns WHERE table_schema = CURRENT_SCHEMA() AND table_name = 'BusinessToken' AND column_name = 'total_supply') AND objoid = (SELECT oid FROM pg_catalog.pg_class WHERE relname = 'BusinessToken' AND relnamespace = (SELECT oid FROM pg_catalog.pg_namespace WHERE nspname = CURRENT_SCHEMA()))

2025/11/03 13:18:23 [32m
[0m[33m[30.457ms] [34;1m[rows:1][0m SELECT CURRENT_DATABASE()

2025/11/03 13:18:23 [32m
[0m[33m[32.880ms] [34;1m[rows:-][0m SELECT c.column_name, c.is_nullable = 'YES', c.udt_name, c.character_maximum_length, c.numeric_precision, c.numeric_precision_radix, c.numeric_scale, c.datetime_precision, 8 * typlen, c.column_default, pd.description, c.identity_increment FROM information_schema.columns AS c JOIN pg_type AS pgt ON c.udt_name = pgt.typname LEFT JOIN pg_catalog.pg_description as pd ON pd.objsubid = c.ordinal_position AND pd.objoid = (SELECT oid FROM pg_catalog.pg_class WHERE relname = c.table_name AND relnamespace = (SELECT oid FROM pg_catalog.pg_namespace WHERE nspname = c.table_schema)) where table_catalog = 'neondb' AND table_schema = CURRENT_SCHEMA() AND table_name = 'BusinessToken'

2025/11/03 13:18:23 [32m
[0m[33m[30.390ms] [34;1m[rows:-][0m SELECT * FROM "BusinessToken" LIMIT 5

2025/11/03 13:18:23 [32m
[0m[33m[30.896ms] [34;1m[rows:-][0m SELECT constraint_name FROM information_schema.table_constraints tc JOIN information_schema.constraint_column_usage AS ccu USING (constraint_schema, constraint_catalog, table_name, constraint_name) JOIN information_schema.columns AS c ON c.table_schema = tc.constraint_schema AND tc.table_name = c.table_name AND ccu.column_name = c.column_name WHERE constraint_type IN ('PRIMARY KEY', 'UNIQUE') AND c.table_catalog = 'neondb' AND c.table_schema = CURRENT_SCHEMA() AND c.table_name = 'BusinessToken' AND constraint_type = 'UNIQUE'

2025/11/03 13:18:23 [32m
[0m[33m[31.304ms] [34;1m[rows:-][0m SELECT c.column_name, constraint_name, constraint_type FROM information_schema.table_constraints tc JOIN information_schema.constraint_column_usage AS ccu USING (constraint_schema, constraint_catalog, table_name, constraint_name) JOIN information_schema.columns AS c ON c.table_schema = tc.constraint_schema AND tc.table_name = c.table_name AND ccu.column_name = c.column_name WHERE constraint_type IN ('PRIMARY KEY', 'UNIQUE') AND c.table_catalog = 'neondb' AND c.table_schema = CURRENT_SCHEMA() AND c.table_name = 'BusinessToken'

2025/11/03 13:18:23 [32m
[0m[33m[33.483ms] [34;1m[rows:-][0m SELECT a.attname as column_name, format_type(a.atttypid, a.atttypmod) AS data_type
		FROM pg_attribute a JOIN pg_class b ON a.attrelid = b.oid AND relnamespace = (SELECT oid FROM pg_catalog.pg_namespace WHERE nspname = CURRENT_SCHEMA())
		WHERE a.attnum > 0 -- hide internal columns
		AND NOT a.attisdropped -- hide deleted columns
		AND b.relname = 'BusinessToken'

2025/11/03 13:18:23 [32m/Users/dmitrijfomin/Desktop/backend/internal/database/db.go:58
[0m[33m[34.399ms] [34;1m[rows:0][0m ALTER TABLE "BusinessToken" ALTER COLUMN "price" TYPE numeric(10,2) USING "price"::numeric(10,2)

2025/11/03 13:18:23 [32m/Users/dmitrijfomin/Desktop/backend/internal/database/db.go:58
[0m[33m[31.413ms] [34;1m[rows:0][0m ALTER TABLE "BusinessToken" ALTER COLUMN "price" SET DEFAULT 19

2025/11/03 13:18:23 [32m/Users/dmitrijfomin/Desktop/backend/internal/database/db.go:58
[0m[33m[31.685ms] [34;1m[rows:0][0m SELECT description FROM pg_catalog.pg_description WHERE objsubid = (SELECT ordinal_position FROM information_schema.columns WHERE table_schema = CURRENT_SCHEMA() AND table_name = 'BusinessToken' AND column_name = 'price') AND objoid = (SELECT oid FROM pg_catalog.pg_class WHERE relname = 'BusinessToken' AND relnamespace = (SELECT oid FROM pg_catalog.pg_namespace WHERE nspname = CURRENT_SCHEMA()))

2025/11/03 13:18:23 [32m/Users/dmitrijfomin/Desktop/backend/internal/database/db.go:58
[0m[33m[30.424ms] [34;1m[rows:0][0m SELECT description FROM pg_catalog.pg_description WHERE objsubid = (SELECT ordinal_position FROM information_schema.columns WHERE table_schema = CURRENT_SCHEMA() AND table_name = 'BusinessToken' AND column_name = 'created_at') AND objoid = (SELECT oid FROM pg_catalog.pg_class WHERE relname = 'BusinessToken' AND relnamespace = (SELECT oid FROM pg_catalog.pg_namespace WHERE nspname = CURRENT_SCHEMA()))

2025/11/03 13:18:23 [32m/Users/dmitrijfomin/Desktop/backend/internal/database/db.go:58
[0m[33m[30.584ms] [34;1m[rows:1][0m SELECT count(*) FROM INFORMATION_SCHEMA.table_constraints WHERE table_schema = CURRENT_SCHEMA() AND table_name = 'BusinessToken' AND constraint_name = 'fk_Business_tokens'

2025/11/03 13:18:23 [32m/Users/dmitrijfomin/Desktop/backend/internal/database/db.go:58
[0m[33m[31.136ms] [34;1m[rows:1][0m SELECT count(*) FROM information_schema.tables WHERE table_schema = CURRENT_SCHEMA() AND table_name = 'BusinessSubscription' AND table_type = 'BASE TABLE'

2025/11/03 13:18:24 [32m/Users/dmitrijfomin/Desktop/backend/internal/database/db.go:58
[0m[33m[30.119ms] [34;1m[rows:1][0m SELECT CURRENT_DATABASE()

2025/11/03 13:18:24 [32m/Users/dmitrijfomin/Desktop/backend/internal/database/db.go:58
[0m[33m[33.415ms] [34;1m[rows:-][0m SELECT c.column_name, c.is_nullable = 'YES', c.udt_name, c.character_maximum_length, c.numeric_precision, c.numeric_precision_radix, c.numeric_scale, c.datetime_precision, 8 * typlen, c.column_default, pd.description, c.identity_increment FROM information_schema.columns AS c JOIN pg_type AS pgt ON c.udt_name = pgt.typname LEFT JOIN pg_catalog.pg_description as pd ON pd.objsubid = c.ordinal_position AND pd.objoid = (SELECT oid FROM pg_catalog.pg_class WHERE relname = c.table_name AND relnamespace = (SELECT oid FROM pg_catalog.pg_namespace WHERE nspname = c.table_schema)) where table_catalog = 'neondb' AND table_schema = CURRENT_SCHEMA() AND table_name = 'BusinessSubscription'

2025/11/03 13:18:24 [32m/Users/dmitrijfomin/Desktop/backend/internal/database/db.go:58
[0m[33m[30.635ms] [34;1m[rows:-][0m SELECT * FROM "BusinessSubscription" LIMIT 5

2025/11/03 13:18:24 [32m/Users/dmitrijfomin/Desktop/backend/internal/database/db.go:58
[0m[33m[31.108ms] [34;1m[rows:-][0m SELECT constraint_name FROM information_schema.table_constraints tc JOIN information_schema.constraint_column_usage AS ccu USING (constraint_schema, constraint_catalog, table_name, constraint_name) JOIN information_schema.columns AS c ON c.table_schema = tc.constraint_schema AND tc.table_name = c.table_name AND ccu.column_name = c.column_name WHERE constraint_type IN ('PRIMARY KEY', 'UNIQUE') AND c.table_catalog = 'neondb' AND c.table_schema = CURRENT_SCHEMA() AND c.table_name = 'BusinessSubscription' AND constraint_type = 'UNIQUE'

2025/11/03 13:18:24 [32m/Users/dmitrijfomin/Desktop/backend/internal/database/db.go:58
[0m[33m[30.733ms] [34;1m[rows:-][0m SELECT c.column_name, constraint_name, constraint_type FROM information_schema.table_constraints tc JOIN information_schema.constraint_column_usage AS ccu USING (constraint_schema, constraint_catalog, table_name, constraint_name) JOIN information_schema.columns AS c ON c.table_schema = tc.constraint_schema AND tc.table_name = c.table_name AND ccu.column_name = c.column_name WHERE constraint_type IN ('PRIMARY KEY', 'UNIQUE') AND c.table_catalog = 'neondb' AND c.table_schema = CURRENT_SCHEMA() AND c.table_name = 'BusinessSubscription'

2025/11/03 13:18:24 [32m/Users/dmitrijfomin/Desktop/backend/internal/database/db.go:58
[0m[33m[29.842ms] [34;1m[rows:-][0m SELECT a.attname as column_name, format_type(a.atttypid, a.atttypmod) AS data_type
		FROM pg_attribute a JOIN pg_class b ON a.attrelid = b.oid AND relnamespace = (SELECT oid FROM pg_catalog.pg_namespace WHERE nspname = CURRENT_SCHEMA())
		WHERE a.attnum > 0 -- hide internal columns
		AND NOT a.attisdropped -- hide deleted columns
		AND b.relname = 'BusinessSubscription'

2025/11/03 13:18:24 [32m/Users/dmitrijfomin/Desktop/backend/internal/database/db.go:58
[0m[33m[30.605ms] [34;1m[rows:0][0m SELECT description FROM pg_catalog.pg_description WHERE objsubid = (SELECT ordinal_position FROM information_schema.columns WHERE table_schema = CURRENT_SCHEMA() AND table_name = 'BusinessSubscription' AND column_name = 'id') AND objoid = (SELECT oid FROM pg_catalog.pg_class WHERE relname = 'BusinessSubscription' AND relnamespace = (SELECT oid FROM pg_catalog.pg_namespace WHERE nspname = CURRENT_SCHEMA()))

2025/11/03 13:18:24 [32m/Users/dmitrijfomin/Desktop/backend/internal/database/db.go:58
[0m[33m[32.320ms] [34;1m[rows:0][0m SELECT description FROM pg_catalog.pg_description WHERE objsubid = (SELECT ordinal_position FROM information_schema.columns WHERE table_schema = CURRENT_SCHEMA() AND table_name = 'BusinessSubscription' AND column_name = 'user_id') AND objoid = (SELECT oid FROM pg_catalog.pg_class WHERE relname = 'BusinessSubscription' AND relnamespace = (SELECT oid FROM pg_catalog.pg_namespace WHERE nspname = CURRENT_SCHEMA()))

2025/11/03 13:18:24 [32m/Users/dmitrijfomin/Desktop/backend/internal/database/db.go:58
[0m[33m[30.173ms] [34;1m[rows:0][0m SELECT description FROM pg_catalog.pg_description WHERE objsubid = (SELECT ordinal_position FROM information_schema.columns WHERE table_schema = CURRENT_SCHEMA() AND table_name = 'BusinessSubscription' AND column_name = 'business_id') AND objoid = (SELECT oid FROM pg_catalog.pg_class WHERE relname = 'BusinessSubscription' AND relnamespace = (SELECT oid FROM pg_catalog.pg_namespace WHERE nspname = CURRENT_SCHEMA()))

2025/11/03 13:18:24 [32m/Users/dmitrijfomin/Desktop/backend/internal/database/db.go:58
[0m[33m[30.029ms] [34;1m[rows:0][0m SELECT description FROM pg_catalog.pg_description WHERE objsubid = (SELECT ordinal_position FROM information_schema.columns WHERE table_schema = CURRENT_SCHEMA() AND table_name = 'BusinessSubscription' AND column_name = 'tokens_owned') AND objoid = (SELECT oid FROM pg_catalog.pg_class WHERE relname = 'BusinessSubscription' AND relnamespace = (SELECT oid FROM pg_catalog.pg_namespace WHERE nspname = CURRENT_SCHEMA()))

2025/11/03 13:18:24 [32m
[0m[33m[30.747ms] [34;1m[rows:1][0m SELECT CURRENT_DATABASE()

2025/11/03 13:18:24 [32m
[0m[33m[30.869ms] [34;1m[rows:-][0m SELECT c.column_name, c.is_nullable = 'YES', c.udt_name, c.character_maximum_length, c.numeric_precision, c.numeric_precision_radix, c.numeric_scale, c.datetime_precision, 8 * typlen, c.column_default, pd.description, c.identity_increment FROM information_schema.columns AS c JOIN pg_type AS pgt ON c.udt_name = pgt.typname LEFT JOIN pg_catalog.pg_description as pd ON pd.objsubid = c.ordinal_position AND pd.objoid = (SELECT oid FROM pg_catalog.pg_class WHERE relname = c.table_name AND relnamespace = (SELECT oid FROM pg_catalog.pg_namespace WHERE nspname = c.table_schema)) where table_catalog = 'neondb' AND table_schema = CURRENT_SCHEMA() AND table_name = 'BusinessSubscription'

2025/11/03 13:18:24 [32m
[0m[33m[29.707ms] [34;1m[rows:-][0m SELECT * FROM "BusinessSubscription" LIMIT 5

2025/11/03 13:18:24 [32m
[0m[33m[31.979ms] [34;1m[rows:-][0m SELECT constraint_name FROM information_schema.table_constraints tc JOIN information_schema.constraint_column_usage AS ccu USING (constraint_schema, constraint_catalog, table_name, constraint_name) JOIN information_schema.columns AS c ON c.table_schema = tc.constraint_schema AND tc.table_name = c.table_name AND ccu.column_name = c.column_name WHERE constraint_type IN ('PRIMARY KEY', 'UNIQUE') AND c.table_catalog = 'neondb' AND c.table_schema = CURRENT_SCHEMA() AND c.table_name = 'BusinessSubscription' AND constraint_type = 'UNIQUE'

2025/11/03 13:18:24 [32m
[0m[33m[31.297ms] [34;1m[rows:-][0m SELECT c.column_name, constraint_name, constraint_type FROM information_schema.table_constraints tc JOIN information_schema.constraint_column_usage AS ccu USING (constraint_schema, constraint_catalog, table_name, constraint_name) JOIN information_schema.columns AS c ON c.table_schema = tc.constraint_schema AND tc.table_name = c.table_name AND ccu.column_name = c.column_name WHERE constraint_type IN ('PRIMARY KEY', 'UNIQUE') AND c.table_catalog = 'neondb' AND c.table_schema = CURRENT_SCHEMA() AND c.table_name = 'BusinessSubscription'

2025/11/03 13:18:24 [32m
[0m[33m[30.399ms] [34;1m[rows:-][0m SELECT a.attname as column_name, format_type(a.atttypid, a.atttypmod) AS data_type
		FROM pg_attribute a JOIN pg_class b ON a.attrelid = b.oid AND relnamespace = (SELECT oid FROM pg_catalog.pg_namespace WHERE nspname = CURRENT_SCHEMA())
		WHERE a.attnum > 0 -- hide internal columns
		AND NOT a.attisdropped -- hide deleted columns
		AND b.relname = 'BusinessSubscription'

2025/11/03 13:18:24 [32m/Users/dmitrijfomin/Desktop/backend/internal/database/db.go:58
[0m[33m[31.082ms] [34;1m[rows:0][0m ALTER TABLE "BusinessSubscription" ALTER COLUMN "invested" TYPE numeric(10,2) USING "invested"::numeric(10,2)

2025/11/03 13:18:24 [32m/Users/dmitrijfomin/Desktop/backend/internal/database/db.go:58
[0m[33m[31.355ms] [34;1m[rows:0][0m ALTER TABLE "BusinessSubscription" ALTER COLUMN "invested" SET DEFAULT 19

2025/11/03 13:18:24 [32m/Users/dmitrijfomin/Desktop/backend/internal/database/db.go:58
[0m[33m[30.555ms] [34;1m[rows:0][0m SELECT description FROM pg_catalog.pg_description WHERE objsubid = (SELECT ordinal_position FROM information_schema.columns WHERE table_schema = CURRENT_SCHEMA() AND table_name = 'BusinessSubscription' AND column_name = 'invested') AND objoid = (SELECT oid FROM pg_catalog.pg_class WHERE relname = 'BusinessSubscription' AND relnamespace = (SELECT oid FROM pg_catalog.pg_namespace WHERE nspname = CURRENT_SCHEMA()))

2025/11/03 13:18:24 [32m/Users/dmitrijfomin/Desktop/backend/internal/database/db.go:58
[0m[33m[30.795ms] [34;1m[rows:0][0m SELECT description FROM pg_catalog.pg_description WHERE objsubid = (SELECT ordinal_position FROM information_schema.columns WHERE table_schema = CURRENT_SCHEMA() AND table_name = 'BusinessSubscription' AND column_name = 'created_at') AND objoid = (SELECT oid FROM pg_catalog.pg_class WHERE relname = 'BusinessSubscription' AND relnamespace = (SELECT oid FROM pg_catalog.pg_namespace WHERE nspname = CURRENT_SCHEMA()))

2025/11/03 13:18:24 [32m/Users/dmitrijfomin/Desktop/backend/internal/database/db.go:58
[0m[33m[30.431ms] [34;1m[rows:1][0m SELECT count(*) FROM INFORMATION_SCHEMA.table_constraints WHERE table_schema = CURRENT_SCHEMA() AND table_name = 'BusinessSubscription' AND constraint_name = 'fk_Business_subscriptions'

2025/11/03 13:18:24 [32m/Users/dmitrijfomin/Desktop/backend/internal/database/db.go:58
[0m[33m[29.705ms] [34;1m[rows:1][0m SELECT count(*) FROM INFORMATION_SCHEMA.table_constraints WHERE table_schema = CURRENT_SCHEMA() AND table_name = 'BusinessSubscription' AND constraint_name = 'fk_BusinessSubscription_user'

2025/11/03 13:18:24 [32m/Users/dmitrijfomin/Desktop/backend/internal/database/db.go:58
[0m[33m[29.974ms] [34;1m[rows:1][0m SELECT count(*) FROM information_schema.tables WHERE table_schema = CURRENT_SCHEMA() AND table_name = 'Transaction' AND table_type = 'BASE TABLE'

2025/11/03 13:18:24 [32m/Users/dmitrijfomin/Desktop/backend/internal/database/db.go:58
[0m[33m[30.385ms] [34;1m[rows:1][0m SELECT CURRENT_DATABASE()

2025/11/03 13:18:24 [32m/Users/dmitrijfomin/Desktop/backend/internal/database/db.go:58
[0m[33m[33.523ms] [34;1m[rows:-][0m SELECT c.column_name, c.is_nullable = 'YES', c.udt_name, c.character_maximum_length, c.numeric_precision, c.numeric_precision_radix, c.numeric_scale, c.datetime_precision, 8 * typlen, c.column_default, pd.description, c.identity_increment FROM information_schema.columns AS c JOIN pg_type AS pgt ON c.udt_name = pgt.typname LEFT JOIN pg_catalog.pg_description as pd ON pd.objsubid = c.ordinal_position AND pd.objoid = (SELECT oid FROM pg_catalog.pg_class WHERE relname = c.table_name AND relnamespace = (SELECT oid FROM pg_catalog.pg_namespace WHERE nspname = c.table_schema)) where table_catalog = 'neondb' AND table_schema = CURRENT_SCHEMA() AND table_name = 'Transaction'

2025/11/03 13:18:24 [32m/Users/dmitrijfomin/Desktop/backend/internal/database/db.go:58
[0m[33m[29.974ms] [34;1m[rows:-][0m SELECT * FROM "Transaction" LIMIT 5

2025/11/03 13:18:24 [32m/Users/dmitrijfomin/Desktop/backend/internal/database/db.go:58
[0m[33m[32.365ms] [34;1m[rows:-][0m SELECT constraint_name FROM information_schema.table_constraints tc JOIN information_schema.constraint_column_usage AS ccu USING (constraint_schema, constraint_catalog, table_name, constraint_name) JOIN information_schema.columns AS c ON c.table_schema = tc.constraint_schema AND tc.table_name = c.table_name AND ccu.column_name = c.column_name WHERE constraint_type IN ('PRIMARY KEY', 'UNIQUE') AND c.table_catalog = 'neondb' AND c.table_schema = CURRENT_SCHEMA() AND c.table_name = 'Transaction' AND constraint_type = 'UNIQUE'

2025/11/03 13:18:24 [32m/Users/dmitrijfomin/Desktop/backend/internal/database/db.go:58
[0m[33m[31.280ms] [34;1m[rows:-][0m SELECT c.column_name, constraint_name, constraint_type FROM information_schema.table_constraints tc JOIN information_schema.constraint_column_usage AS ccu USING (constraint_schema, constraint_catalog, table_name, constraint_name) JOIN information_schema.columns AS c ON c.table_schema = tc.constraint_schema AND tc.table_name = c.table_name AND ccu.column_name = c.column_name WHERE constraint_type IN ('PRIMARY KEY', 'UNIQUE') AND c.table_catalog = 'neondb' AND c.table_schema = CURRENT_SCHEMA() AND c.table_name = 'Transaction'

2025/11/03 13:18:24 [32m/Users/dmitrijfomin/Desktop/backend/internal/database/db.go:58
[0m[33m[30.835ms] [34;1m[rows:-][0m SELECT a.attname as column_name, format_type(a.atttypid, a.atttypmod) AS data_type
		FROM pg_attribute a JOIN pg_class b ON a.attrelid = b.oid AND relnamespace = (SELECT oid FROM pg_catalog.pg_namespace WHERE nspname = CURRENT_SCHEMA())
		WHERE a.attnum > 0 -- hide internal columns
		AND NOT a.attisdropped -- hide deleted columns
		AND b.relname = 'Transaction'

2025/11/03 13:18:24 [32m/Users/dmitrijfomin/Desktop/backend/internal/database/db.go:58
[0m[33m[85.234ms] [34;1m[rows:0][0m SELECT description FROM pg_catalog.pg_description WHERE objsubid = (SELECT ordinal_position FROM information_schema.columns WHERE table_schema = CURRENT_SCHEMA() AND table_name = 'Transaction' AND column_name = 'id') AND objoid = (SELECT oid FROM pg_catalog.pg_class WHERE relname = 'Transaction' AND relnamespace = (SELECT oid FROM pg_catalog.pg_namespace WHERE nspname = CURRENT_SCHEMA()))

2025/11/03 13:18:25 [32m/Users/dmitrijfomin/Desktop/backend/internal/database/db.go:58
[0m[33m[32.327ms] [34;1m[rows:0][0m SELECT description FROM pg_catalog.pg_description WHERE objsubid = (SELECT ordinal_position FROM information_schema.columns WHERE table_schema = CURRENT_SCHEMA() AND table_name = 'Transaction' AND column_name = 'business_id') AND objoid = (SELECT oid FROM pg_catalog.pg_class WHERE relname = 'Transaction' AND relnamespace = (SELECT oid FROM pg_catalog.pg_namespace WHERE nspname = CURRENT_SCHEMA()))

2025/11/03 13:18:25 [32m/Users/dmitrijfomin/Desktop/backend/internal/database/db.go:58
[0m[33m[30.386ms] [34;1m[rows:0][0m SELECT description FROM pg_catalog.pg_description WHERE objsubid = (SELECT ordinal_position FROM information_schema.columns WHERE table_schema = CURRENT_SCHEMA() AND table_name = 'Transaction' AND column_name = 'from_user') AND objoid = (SELECT oid FROM pg_catalog.pg_class WHERE relname = 'Transaction' AND relnamespace = (SELECT oid FROM pg_catalog.pg_namespace WHERE nspname = CURRENT_SCHEMA()))

2025/11/03 13:18:25 [32m/Users/dmitrijfomin/Desktop/backend/internal/database/db.go:58
[0m[33m[31.781ms] [34;1m[rows:0][0m SELECT description FROM pg_catalog.pg_description WHERE objsubid = (SELECT ordinal_position FROM information_schema.columns WHERE table_schema = CURRENT_SCHEMA() AND table_name = 'Transaction' AND column_name = 'to_user') AND objoid = (SELECT oid FROM pg_catalog.pg_class WHERE relname = 'Transaction' AND relnamespace = (SELECT oid FROM pg_catalog.pg_namespace WHERE nspname = CURRENT_SCHEMA()))

2025/11/03 13:18:25 [32m/Users/dmitrijfomin/Desktop/backend/internal/database/db.go:58
[0m[33m[31.928ms] [34;1m[rows:0][0m SELECT description FROM pg_catalog.pg_description WHERE objsubid = (SELECT ordinal_position FROM information_schema.columns WHERE table_schema = CURRENT_SCHEMA() AND table_name = 'Transaction' AND column_name = 'tokens') AND objoid = (SELECT oid FROM pg_catalog.pg_class WHERE relname = 'Transaction' AND relnamespace = (SELECT oid FROM pg_catalog.pg_namespace WHERE nspname = CURRENT_SCHEMA()))

2025/11/03 13:18:25 [32m/Users/dmitrijfomin/Desktop/backend/internal/database/db.go:58
[0m[33m[32.204ms] [34;1m[rows:0][0m SELECT description FROM pg_catalog.pg_description WHERE objsubid = (SELECT ordinal_position FROM information_schema.columns WHERE table_schema = CURRENT_SCHEMA() AND table_name = 'Transaction' AND column_name = 'amount') AND objoid = (SELECT oid FROM pg_catalog.pg_class WHERE relname = 'Transaction' AND relnamespace = (SELECT oid FROM pg_catalog.pg_namespace WHERE nspname = CURRENT_SCHEMA()))

2025/11/03 13:18:25 [32m/Users/dmitrijfomin/Desktop/backend/internal/database/db.go:58
[0m[33m[31.221ms] [34;1m[rows:0][0m SELECT description FROM pg_catalog.pg_description WHERE objsubid = (SELECT ordinal_position FROM information_schema.columns WHERE table_schema = CURRENT_SCHEMA() AND table_name = 'Transaction' AND column_name = 'tx_type') AND objoid = (SELECT oid FROM pg_catalog.pg_class WHERE relname = 'Transaction' AND relnamespace = (SELECT oid FROM pg_catalog.pg_namespace WHERE nspname = CURRENT_SCHEMA()))

2025/11/03 13:18:25 [32m/Users/dmitrijfomin/Desktop/backend/internal/database/db.go:58
[0m[33m[30.576ms] [34;1m[rows:0][0m SELECT description FROM pg_catalog.pg_description WHERE objsubid = (SELECT ordinal_position FROM information_schema.columns WHERE table_schema = CURRENT_SCHEMA() AND table_name = 'Transaction' AND column_name = 'created_at') AND objoid = (SELECT oid FROM pg_catalog.pg_class WHERE relname = 'Transaction' AND relnamespace = (SELECT oid FROM pg_catalog.pg_namespace WHERE nspname = CURRENT_SCHEMA()))

2025/11/03 13:18:25 [32m/Users/dmitrijfomin/Desktop/backend/internal/database/db.go:58
[0m[33m[30.905ms] [34;1m[rows:1][0m SELECT count(*) FROM INFORMATION_SCHEMA.table_constraints WHERE table_schema = CURRENT_SCHEMA() AND table_name = 'Transaction' AND constraint_name = 'fk_Business_transactions'

2025/11/03 13:18:25 [32m/Users/dmitrijfomin/Desktop/backend/internal/database/db.go:58
[0m[33m[31.945ms] [34;1m[rows:1][0m SELECT count(*) FROM information_schema.tables WHERE table_schema = CURRENT_SCHEMA() AND table_name = 'UserProfile' AND table_type = 'BASE TABLE'

2025/11/03 13:18:25 [32m/Users/dmitrijfomin/Desktop/backend/internal/database/db.go:58
[0m[33m[29.955ms] [34;1m[rows:1][0m SELECT CURRENT_DATABASE()

2025/11/03 13:18:25 [32m/Users/dmitrijfomin/Desktop/backend/internal/database/db.go:58
[0m[33m[35.382ms] [34;1m[rows:-][0m SELECT c.column_name, c.is_nullable = 'YES', c.udt_name, c.character_maximum_length, c.numeric_precision, c.numeric_precision_radix, c.numeric_scale, c.datetime_precision, 8 * typlen, c.column_default, pd.description, c.identity_increment FROM information_schema.columns AS c JOIN pg_type AS pgt ON c.udt_name = pgt.typname LEFT JOIN pg_catalog.pg_description as pd ON pd.objsubid = c.ordinal_position AND pd.objoid = (SELECT oid FROM pg_catalog.pg_class WHERE relname = c.table_name AND relnamespace = (SELECT oid FROM pg_catalog.pg_namespace WHERE nspname = c.table_schema)) where table_catalog = 'neondb' AND table_schema = CURRENT_SCHEMA() AND table_name = 'UserProfile'

2025/11/03 13:18:25 [32m/Users/dmitrijfomin/Desktop/backend/internal/database/db.go:58
[0m[33m[31.336ms] [34;1m[rows:-][0m SELECT * FROM "UserProfile" LIMIT 5

2025/11/03 13:18:25 [32m/Users/dmitrijfomin/Desktop/backend/internal/database/db.go:58
[0m[33m[34.506ms] [34;1m[rows:-][0m SELECT constraint_name FROM information_schema.table_constraints tc JOIN information_schema.constraint_column_usage AS ccu USING (constraint_schema, constraint_catalog, table_name, constraint_name) JOIN information_schema.columns AS c ON c.table_schema = tc.constraint_schema AND tc.table_name = c.table_name AND ccu.column_name = c.column_name WHERE constraint_type IN ('PRIMARY KEY', 'UNIQUE') AND c.table_catalog = 'neondb' AND c.table_schema = CURRENT_SCHEMA() AND c.table_name = 'UserProfile' AND constraint_type = 'UNIQUE'

2025/11/03 13:18:25 [32m/Users/dmitrijfomin/Desktop/backend/internal/database/db.go:58
[0m[33m[51.888ms] [34;1m[rows:-][0m SELECT c.column_name, constraint_name, constraint_type FROM information_schema.table_constraints tc JOIN information_schema.constraint_column_usage AS ccu USING (constraint_schema, constraint_catalog, table_name, constraint_name) JOIN information_schema.columns AS c ON c.table_schema = tc.constraint_schema AND tc.table_name = c.table_name AND ccu.column_name = c.column_name WHERE constraint_type IN ('PRIMARY KEY', 'UNIQUE') AND c.table_catalog = 'neondb' AND c.table_schema = CURRENT_SCHEMA() AND c.table_name = 'UserProfile'

2025/11/03 13:18:25 [32m/Users/dmitrijfomin/Desktop/backend/internal/database/db.go:58
[0m[33m[42.254ms] [34;1m[rows:-][0m SELECT a.attname as column_name, format_type(a.atttypid, a.atttypmod) AS data_type
		FROM pg_attribute a JOIN pg_class b ON a.attrelid = b.oid AND relnamespace = (SELECT oid FROM pg_catalog.pg_namespace WHERE nspname = CURRENT_SCHEMA())
		WHERE a.attnum > 0 -- hide internal columns
		AND NOT a.attisdropped -- hide deleted columns
		AND b.relname = 'UserProfile'

2025/11/03 13:18:25 [32m/Users/dmitrijfomin/Desktop/backend/internal/database/db.go:58
[0m[33m[31.233ms] [34;1m[rows:0][0m SELECT description FROM pg_catalog.pg_description WHERE objsubid = (SELECT ordinal_position FROM information_schema.columns WHERE table_schema = CURRENT_SCHEMA() AND table_name = 'UserProfile' AND column_name = 'id') AND objoid = (SELECT oid FROM pg_catalog.pg_class WHERE relname = 'UserProfile' AND relnamespace = (SELECT oid FROM pg_catalog.pg_namespace WHERE nspname = CURRENT_SCHEMA()))

2025/11/03 13:18:25 [32m/Users/dmitrijfomin/Desktop/backend/internal/database/db.go:58
[0m[33m[30.489ms] [34;1m[rows:0][0m SELECT description FROM pg_catalog.pg_description WHERE objsubid = (SELECT ordinal_position FROM information_schema.columns WHERE table_schema = CURRENT_SCHEMA() AND table_name = 'UserProfile' AND column_name = 'user_id') AND objoid = (SELECT oid FROM pg_catalog.pg_class WHERE relname = 'UserProfile' AND relnamespace = (SELECT oid FROM pg_catalog.pg_namespace WHERE nspname = CURRENT_SCHEMA()))

2025/11/03 13:18:25 [32m/Users/dmitrijfomin/Desktop/backend/internal/database/db.go:58
[0m[33m[30.190ms] [34;1m[rows:0][0m SELECT description FROM pg_catalog.pg_description WHERE objsubid = (SELECT ordinal_position FROM information_schema.columns WHERE table_schema = CURRENT_SCHEMA() AND table_name = 'UserProfile' AND column_name = 'name') AND objoid = (SELECT oid FROM pg_catalog.pg_class WHERE relname = 'UserProfile' AND relnamespace = (SELECT oid FROM pg_catalog.pg_namespace WHERE nspname = CURRENT_SCHEMA()))

2025/11/03 13:18:25 [32m/Users/dmitrijfomin/Desktop/backend/internal/database/db.go:58
[0m[33m[31.816ms] [34;1m[rows:0][0m SELECT description FROM pg_catalog.pg_description WHERE objsubid = (SELECT ordinal_position FROM information_schema.columns WHERE table_schema = CURRENT_SCHEMA() AND table_name = 'UserProfile' AND column_name = 'email') AND objoid = (SELECT oid FROM pg_catalog.pg_class WHERE relname = 'UserProfile' AND relnamespace = (SELECT oid FROM pg_catalog.pg_namespace WHERE nspname = CURRENT_SCHEMA()))

2025/11/03 13:18:25 [32m/Users/dmitrijfomin/Desktop/backend/internal/database/db.go:58
[0m[33m[30.254ms] [34;1m[rows:0][0m SELECT description FROM pg_catalog.pg_description WHERE objsubid = (SELECT ordinal_position FROM information_schema.columns WHERE table_schema = CURRENT_SCHEMA() AND table_name = 'UserProfile' AND column_name = 'avatar_url') AND objoid = (SELECT oid FROM pg_catalog.pg_class WHERE relname = 'UserProfile' AND relnamespace = (SELECT oid FROM pg_catalog.pg_namespace WHERE nspname = CURRENT_SCHEMA()))

2025/11/03 13:18:25 [32m/Users/dmitrijfomin/Desktop/backend/internal/database/db.go:58
[0m[33m[30.727ms] [34;1m[rows:0][0m SELECT description FROM pg_catalog.pg_description WHERE objsubid = (SELECT ordinal_position FROM information_schema.columns WHERE table_schema = CURRENT_SCHEMA() AND table_name = 'UserProfile' AND column_name = 'level') AND objoid = (SELECT oid FROM pg_catalog.pg_class WHERE relname = 'UserProfile' AND relnamespace = (SELECT oid FROM pg_catalog.pg_namespace WHERE nspname = CURRENT_SCHEMA()))

2025/11/03 13:18:25 [32m/Users/dmitrijfomin/Desktop/backend/internal/database/db.go:58
[0m[33m[30.829ms] [34;1m[rows:0][0m SELECT description FROM pg_catalog.pg_description WHERE objsubid = (SELECT ordinal_position FROM information_schema.columns WHERE table_schema = CURRENT_SCHEMA() AND table_name = 'UserProfile' AND column_name = 'stars') AND objoid = (SELECT oid FROM pg_catalog.pg_class WHERE relname = 'UserProfile' AND relnamespace = (SELECT oid FROM pg_catalog.pg_namespace WHERE nspname = CURRENT_SCHEMA()))

2025/11/03 13:18:25 [32m/Users/dmitrijfomin/Desktop/backend/internal/database/db.go:58
[0m[33m[29.969ms] [34;1m[rows:0][0m SELECT description FROM pg_catalog.pg_description WHERE objsubid = (SELECT ordinal_position FROM information_schema.columns WHERE table_schema = CURRENT_SCHEMA() AND table_name = 'UserProfile' AND column_name = 'role') AND objoid = (SELECT oid FROM pg_catalog.pg_class WHERE relname = 'UserProfile' AND relnamespace = (SELECT oid FROM pg_catalog.pg_namespace WHERE nspname = CURRENT_SCHEMA()))

2025/11/03 13:18:25 [32m/Users/dmitrijfomin/Desktop/backend/internal/database/db.go:58
[0m[33m[30.045ms] [34;1m[rows:0][0m SELECT description FROM pg_catalog.pg_description WHERE objsubid = (SELECT ordinal_position FROM information_schema.columns WHERE table_schema = CURRENT_SCHEMA() AND table_name = 'UserProfile' AND column_name = 'language') AND objoid = (SELECT oid FROM pg_catalog.pg_class WHERE relname = 'UserProfile' AND relnamespace = (SELECT oid FROM pg_catalog.pg_namespace WHERE nspname = CURRENT_SCHEMA()))

2025/11/03 13:18:25 [32m/Users/dmitrijfomin/Desktop/backend/internal/database/db.go:58
[0m[33m[31.417ms] [34;1m[rows:0][0m SELECT description FROM pg_catalog.pg_description WHERE objsubid = (SELECT ordinal_position FROM information_schema.columns WHERE table_schema = CURRENT_SCHEMA() AND table_name = 'UserProfile' AND column_name = 'xp') AND objoid = (SELECT oid FROM pg_catalog.pg_class WHERE relname = 'UserProfile' AND relnamespace = (SELECT oid FROM pg_catalog.pg_namespace WHERE nspname = CURRENT_SCHEMA()))

2025/11/03 13:18:25 [32m/Users/dmitrijfomin/Desktop/backend/internal/database/db.go:58
[0m[33m[30.482ms] [34;1m[rows:0][0m SELECT description FROM pg_catalog.pg_description WHERE objsubid = (SELECT ordinal_position FROM information_schema.columns WHERE table_schema = CURRENT_SCHEMA() AND table_name = 'UserProfile' AND column_name = 'completed_courses') AND objoid = (SELECT oid FROM pg_catalog.pg_class WHERE relname = 'UserProfile' AND relnamespace = (SELECT oid FROM pg_catalog.pg_namespace WHERE nspname = CURRENT_SCHEMA()))

2025/11/03 13:18:25 [32m/Users/dmitrijfomin/Desktop/backend/internal/database/db.go:58
[0m[33m[32.366ms] [34;1m[rows:0][0m SELECT description FROM pg_catalog.pg_description WHERE objsubid = (SELECT ordinal_position FROM information_schema.columns WHERE table_schema = CURRENT_SCHEMA() AND table_name = 'UserProfile' AND column_name = 'favorite_recipes') AND objoid = (SELECT oid FROM pg_catalog.pg_class WHERE relname = 'UserProfile' AND relnamespace = (SELECT oid FROM pg_catalog.pg_namespace WHERE nspname = CURRENT_SCHEMA()))

2025/11/03 13:18:25 [32m
[0m[33m[31.763ms] [34;1m[rows:1][0m SELECT CURRENT_DATABASE()

2025/11/03 13:18:26 [32m
[0m[33m[37.234ms] [34;1m[rows:-][0m SELECT c.column_name, c.is_nullable = 'YES', c.udt_name, c.character_maximum_length, c.numeric_precision, c.numeric_precision_radix, c.numeric_scale, c.datetime_precision, 8 * typlen, c.column_default, pd.description, c.identity_increment FROM information_schema.columns AS c JOIN pg_type AS pgt ON c.udt_name = pgt.typname LEFT JOIN pg_catalog.pg_description as pd ON pd.objsubid = c.ordinal_position AND pd.objoid = (SELECT oid FROM pg_catalog.pg_class WHERE relname = c.table_name AND relnamespace = (SELECT oid FROM pg_catalog.pg_namespace WHERE nspname = c.table_schema)) where table_catalog = 'neondb' AND table_schema = CURRENT_SCHEMA() AND table_name = 'UserProfile'

2025/11/03 13:18:26 [32m
[0m[33m[29.823ms] [34;1m[rows:-][0m SELECT * FROM "UserProfile" LIMIT 5

2025/11/03 13:18:26 [32m
[0m[33m[35.412ms] [34;1m[rows:-][0m SELECT constraint_name FROM information_schema.table_constraints tc JOIN information_schema.constraint_column_usage AS ccu USING (constraint_schema, constraint_catalog, table_name, constraint_name) JOIN information_schema.columns AS c ON c.table_schema = tc.constraint_schema AND tc.table_name = c.table_name AND ccu.column_name = c.column_name WHERE constraint_type IN ('PRIMARY KEY', 'UNIQUE') AND c.table_catalog = 'neondb' AND c.table_schema = CURRENT_SCHEMA() AND c.table_name = 'UserProfile' AND constraint_type = 'UNIQUE'

2025/11/03 13:18:26 [32m
[0m[33m[35.962ms] [34;1m[rows:-][0m SELECT c.column_name, constraint_name, constraint_type FROM information_schema.table_constraints tc JOIN information_schema.constraint_column_usage AS ccu USING (constraint_schema, constraint_catalog, table_name, constraint_name) JOIN information_schema.columns AS c ON c.table_schema = tc.constraint_schema AND tc.table_name = c.table_name AND ccu.column_name = c.column_name WHERE constraint_type IN ('PRIMARY KEY', 'UNIQUE') AND c.table_catalog = 'neondb' AND c.table_schema = CURRENT_SCHEMA() AND c.table_name = 'UserProfile'

2025/11/03 13:18:26 [32m
[0m[33m[31.352ms] [34;1m[rows:-][0m SELECT a.attname as column_name, format_type(a.atttypid, a.atttypmod) AS data_type
		FROM pg_attribute a JOIN pg_class b ON a.attrelid = b.oid AND relnamespace = (SELECT oid FROM pg_catalog.pg_namespace WHERE nspname = CURRENT_SCHEMA())
		WHERE a.attnum > 0 -- hide internal columns
		AND NOT a.attisdropped -- hide deleted columns
		AND b.relname = 'UserProfile'

2025/11/03 13:18:26 [32m/Users/dmitrijfomin/Desktop/backend/internal/database/db.go:58
[0m[33m[33.769ms] [34;1m[rows:0][0m ALTER TABLE "UserProfile" ALTER COLUMN "wallet_balance" SET DEFAULT 0

2025/11/03 13:18:26 [32m/Users/dmitrijfomin/Desktop/backend/internal/database/db.go:58
[0m[33m[31.076ms] [34;1m[rows:0][0m SELECT description FROM pg_catalog.pg_description WHERE objsubid = (SELECT ordinal_position FROM information_schema.columns WHERE table_schema = CURRENT_SCHEMA() AND table_name = 'UserProfile' AND column_name = 'wallet_balance') AND objoid = (SELECT oid FROM pg_catalog.pg_class WHERE relname = 'UserProfile' AND relnamespace = (SELECT oid FROM pg_catalog.pg_namespace WHERE nspname = CURRENT_SCHEMA()))

2025/11/03 13:18:26 [32m/Users/dmitrijfomin/Desktop/backend/internal/database/db.go:58
[0m[33m[30.358ms] [34;1m[rows:0][0m SELECT description FROM pg_catalog.pg_description WHERE objsubid = (SELECT ordinal_position FROM information_schema.columns WHERE table_schema = CURRENT_SCHEMA() AND table_name = 'UserProfile' AND column_name = 'created_at') AND objoid = (SELECT oid FROM pg_catalog.pg_class WHERE relname = 'UserProfile' AND relnamespace = (SELECT oid FROM pg_catalog.pg_namespace WHERE nspname = CURRENT_SCHEMA()))

2025/11/03 13:18:26 [32m/Users/dmitrijfomin/Desktop/backend/internal/database/db.go:58
[0m[33m[30.238ms] [34;1m[rows:0][0m SELECT description FROM pg_catalog.pg_description WHERE objsubid = (SELECT ordinal_position FROM information_schema.columns WHERE table_schema = CURRENT_SCHEMA() AND table_name = 'UserProfile' AND column_name = 'updated_at') AND objoid = (SELECT oid FROM pg_catalog.pg_class WHERE relname = 'UserProfile' AND relnamespace = (SELECT oid FROM pg_catalog.pg_namespace WHERE nspname = CURRENT_SCHEMA()))

2025/11/03 13:18:26 [32m/Users/dmitrijfomin/Desktop/backend/internal/database/db.go:58
[0m[33m[30.222ms] [34;1m[rows:1][0m SELECT count(*) FROM information_schema.tables WHERE table_schema = CURRENT_SCHEMA() AND table_name = 'PersonalRecipe' AND table_type = 'BASE TABLE'

2025/11/03 13:18:26 [32m/Users/dmitrijfomin/Desktop/backend/internal/database/db.go:58
[0m[33m[29.894ms] [34;1m[rows:1][0m SELECT CURRENT_DATABASE()

2025/11/03 13:18:26 [32m/Users/dmitrijfomin/Desktop/backend/internal/database/db.go:58
[0m[33m[31.332ms] [34;1m[rows:-][0m SELECT c.column_name, c.is_nullable = 'YES', c.udt_name, c.character_maximum_length, c.numeric_precision, c.numeric_precision_radix, c.numeric_scale, c.datetime_precision, 8 * typlen, c.column_default, pd.description, c.identity_increment FROM information_schema.columns AS c JOIN pg_type AS pgt ON c.udt_name = pgt.typname LEFT JOIN pg_catalog.pg_description as pd ON pd.objsubid = c.ordinal_position AND pd.objoid = (SELECT oid FROM pg_catalog.pg_class WHERE relname = c.table_name AND relnamespace = (SELECT oid FROM pg_catalog.pg_namespace WHERE nspname = c.table_schema)) where table_catalog = 'neondb' AND table_schema = CURRENT_SCHEMA() AND table_name = 'PersonalRecipe'

2025/11/03 13:18:26 [32m/Users/dmitrijfomin/Desktop/backend/internal/database/db.go:58
[0m[33m[30.668ms] [34;1m[rows:-][0m SELECT * FROM "PersonalRecipe" LIMIT 5

2025/11/03 13:18:26 [32m/Users/dmitrijfomin/Desktop/backend/internal/database/db.go:58
[0m[33m[34.357ms] [34;1m[rows:-][0m SELECT constraint_name FROM information_schema.table_constraints tc JOIN information_schema.constraint_column_usage AS ccu USING (constraint_schema, constraint_catalog, table_name, constraint_name) JOIN information_schema.columns AS c ON c.table_schema = tc.constraint_schema AND tc.table_name = c.table_name AND ccu.column_name = c.column_name WHERE constraint_type IN ('PRIMARY KEY', 'UNIQUE') AND c.table_catalog = 'neondb' AND c.table_schema = CURRENT_SCHEMA() AND c.table_name = 'PersonalRecipe' AND constraint_type = 'UNIQUE'

2025/11/03 13:18:26 [32m/Users/dmitrijfomin/Desktop/backend/internal/database/db.go:58
[0m[33m[31.922ms] [34;1m[rows:-][0m SELECT c.column_name, constraint_name, constraint_type FROM information_schema.table_constraints tc JOIN information_schema.constraint_column_usage AS ccu USING (constraint_schema, constraint_catalog, table_name, constraint_name) JOIN information_schema.columns AS c ON c.table_schema = tc.constraint_schema AND tc.table_name = c.table_name AND ccu.column_name = c.column_name WHERE constraint_type IN ('PRIMARY KEY', 'UNIQUE') AND c.table_catalog = 'neondb' AND c.table_schema = CURRENT_SCHEMA() AND c.table_name = 'PersonalRecipe'

2025/11/03 13:18:26 [32m/Users/dmitrijfomin/Desktop/backend/internal/database/db.go:58
[0m[33m[30.035ms] [34;1m[rows:-][0m SELECT a.attname as column_name, format_type(a.atttypid, a.atttypmod) AS data_type
		FROM pg_attribute a JOIN pg_class b ON a.attrelid = b.oid AND relnamespace = (SELECT oid FROM pg_catalog.pg_namespace WHERE nspname = CURRENT_SCHEMA())
		WHERE a.attnum > 0 -- hide internal columns
		AND NOT a.attisdropped -- hide deleted columns
		AND b.relname = 'PersonalRecipe'

2025/11/03 13:18:26 [32m/Users/dmitrijfomin/Desktop/backend/internal/database/db.go:58
[0m[33m[30.503ms] [34;1m[rows:0][0m SELECT description FROM pg_catalog.pg_description WHERE objsubid = (SELECT ordinal_position FROM information_schema.columns WHERE table_schema = CURRENT_SCHEMA() AND table_name = 'PersonalRecipe' AND column_name = 'id') AND objoid = (SELECT oid FROM pg_catalog.pg_class WHERE relname = 'PersonalRecipe' AND relnamespace = (SELECT oid FROM pg_catalog.pg_namespace WHERE nspname = CURRENT_SCHEMA()))

2025/11/03 13:18:26 [32m/Users/dmitrijfomin/Desktop/backend/internal/database/db.go:58
[0m[33m[30.473ms] [34;1m[rows:0][0m SELECT description FROM pg_catalog.pg_description WHERE objsubid = (SELECT ordinal_position FROM information_schema.columns WHERE table_schema = CURRENT_SCHEMA() AND table_name = 'PersonalRecipe' AND column_name = 'user_id') AND objoid = (SELECT oid FROM pg_catalog.pg_class WHERE relname = 'PersonalRecipe' AND relnamespace = (SELECT oid FROM pg_catalog.pg_namespace WHERE nspname = CURRENT_SCHEMA()))

2025/11/03 13:18:26 [32m/Users/dmitrijfomin/Desktop/backend/internal/database/db.go:58
[0m[33m[29.737ms] [34;1m[rows:0][0m SELECT description FROM pg_catalog.pg_description WHERE objsubid = (SELECT ordinal_position FROM information_schema.columns WHERE table_schema = CURRENT_SCHEMA() AND table_name = 'PersonalRecipe' AND column_name = 'title') AND objoid = (SELECT oid FROM pg_catalog.pg_class WHERE relname = 'PersonalRecipe' AND relnamespace = (SELECT oid FROM pg_catalog.pg_namespace WHERE nspname = CURRENT_SCHEMA()))

2025/11/03 13:18:26 [32m/Users/dmitrijfomin/Desktop/backend/internal/database/db.go:58
[0m[33m[30.171ms] [34;1m[rows:0][0m SELECT description FROM pg_catalog.pg_description WHERE objsubid = (SELECT ordinal_position FROM information_schema.columns WHERE table_schema = CURRENT_SCHEMA() AND table_name = 'PersonalRecipe' AND column_name = 'description') AND objoid = (SELECT oid FROM pg_catalog.pg_class WHERE relname = 'PersonalRecipe' AND relnamespace = (SELECT oid FROM pg_catalog.pg_namespace WHERE nspname = CURRENT_SCHEMA()))

2025/11/03 13:18:26 [32m/Users/dmitrijfomin/Desktop/backend/internal/database/db.go:58
[0m[33m[33.437ms] [34;1m[rows:0][0m SELECT description FROM pg_catalog.pg_description WHERE objsubid = (SELECT ordinal_position FROM information_schema.columns WHERE table_schema = CURRENT_SCHEMA() AND table_name = 'PersonalRecipe' AND column_name = 'ingredients') AND objoid = (SELECT oid FROM pg_catalog.pg_class WHERE relname = 'PersonalRecipe' AND relnamespace = (SELECT oid FROM pg_catalog.pg_namespace WHERE nspname = CURRENT_SCHEMA()))

2025/11/03 13:18:26 [32m/Users/dmitrijfomin/Desktop/backend/internal/database/db.go:58
[0m[33m[39.056ms] [34;1m[rows:0][0m SELECT description FROM pg_catalog.pg_description WHERE objsubid = (SELECT ordinal_position FROM information_schema.columns WHERE table_schema = CURRENT_SCHEMA() AND table_name = 'PersonalRecipe' AND column_name = 'steps') AND objoid = (SELECT oid FROM pg_catalog.pg_class WHERE relname = 'PersonalRecipe' AND relnamespace = (SELECT oid FROM pg_catalog.pg_namespace WHERE nspname = CURRENT_SCHEMA()))

2025/11/03 13:18:26 [32m/Users/dmitrijfomin/Desktop/backend/internal/database/db.go:58
[0m[33m[30.929ms] [34;1m[rows:0][0m SELECT description FROM pg_catalog.pg_description WHERE objsubid = (SELECT ordinal_position FROM information_schema.columns WHERE table_schema = CURRENT_SCHEMA() AND table_name = 'PersonalRecipe' AND column_name = 'image_url') AND objoid = (SELECT oid FROM pg_catalog.pg_class WHERE relname = 'PersonalRecipe' AND relnamespace = (SELECT oid FROM pg_catalog.pg_namespace WHERE nspname = CURRENT_SCHEMA()))

2025/11/03 13:18:26 [32m/Users/dmitrijfomin/Desktop/backend/internal/database/db.go:58
[0m[33m[30.308ms] [34;1m[rows:0][0m SELECT description FROM pg_catalog.pg_description WHERE objsubid = (SELECT ordinal_position FROM information_schema.columns WHERE table_schema = CURRENT_SCHEMA() AND table_name = 'PersonalRecipe' AND column_name = 'category') AND objoid = (SELECT oid FROM pg_catalog.pg_class WHERE relname = 'PersonalRecipe' AND relnamespace = (SELECT oid FROM pg_catalog.pg_namespace WHERE nspname = CURRENT_SCHEMA()))

2025/11/03 13:18:26 [32m/Users/dmitrijfomin/Desktop/backend/internal/database/db.go:58
[0m[33m[29.843ms] [34;1m[rows:0][0m SELECT description FROM pg_catalog.pg_description WHERE objsubid = (SELECT ordinal_position FROM information_schema.columns WHERE table_schema = CURRENT_SCHEMA() AND table_name = 'PersonalRecipe' AND column_name = 'difficulty') AND objoid = (SELECT oid FROM pg_catalog.pg_class WHERE relname = 'PersonalRecipe' AND relnamespace = (SELECT oid FROM pg_catalog.pg_namespace WHERE nspname = CURRENT_SCHEMA()))

2025/11/03 13:18:26 [32m/Users/dmitrijfomin/Desktop/backend/internal/database/db.go:58
[0m[33m[32.426ms] [34;1m[rows:0][0m SELECT description FROM pg_catalog.pg_description WHERE objsubid = (SELECT ordinal_position FROM information_schema.columns WHERE table_schema = CURRENT_SCHEMA() AND table_name = 'PersonalRecipe' AND column_name = 'cooking_time') AND objoid = (SELECT oid FROM pg_catalog.pg_class WHERE relname = 'PersonalRecipe' AND relnamespace = (SELECT oid FROM pg_catalog.pg_namespace WHERE nspname = CURRENT_SCHEMA()))

2025/11/03 13:18:26 [32m/Users/dmitrijfomin/Desktop/backend/internal/database/db.go:58
[0m[33m[30.278ms] [34;1m[rows:0][0m SELECT description FROM pg_catalog.pg_description WHERE objsubid = (SELECT ordinal_position FROM information_schema.columns WHERE table_schema = CURRENT_SCHEMA() AND table_name = 'PersonalRecipe' AND column_name = 'servings') AND objoid = (SELECT oid FROM pg_catalog.pg_class WHERE relname = 'PersonalRecipe' AND relnamespace = (SELECT oid FROM pg_catalog.pg_namespace WHERE nspname = CURRENT_SCHEMA()))

2025/11/03 13:18:26 [32m
[0m[33m[30.015ms] [34;1m[rows:1][0m SELECT CURRENT_DATABASE()

2025/11/03 13:18:26 [32m
[0m[33m[32.095ms] [34;1m[rows:-][0m SELECT c.column_name, c.is_nullable = 'YES', c.udt_name, c.character_maximum_length, c.numeric_precision, c.numeric_precision_radix, c.numeric_scale, c.datetime_precision, 8 * typlen, c.column_default, pd.description, c.identity_increment FROM information_schema.columns AS c JOIN pg_type AS pgt ON c.udt_name = pgt.typname LEFT JOIN pg_catalog.pg_description as pd ON pd.objsubid = c.ordinal_position AND pd.objoid = (SELECT oid FROM pg_catalog.pg_class WHERE relname = c.table_name AND relnamespace = (SELECT oid FROM pg_catalog.pg_namespace WHERE nspname = c.table_schema)) where table_catalog = 'neondb' AND table_schema = CURRENT_SCHEMA() AND table_name = 'PersonalRecipe'

2025/11/03 13:18:27 [32m
[0m[33m[30.397ms] [34;1m[rows:-][0m SELECT * FROM "PersonalRecipe" LIMIT 5

2025/11/03 13:18:27 [32m
[0m[33m[32.221ms] [34;1m[rows:-][0m SELECT constraint_name FROM information_schema.table_constraints tc JOIN information_schema.constraint_column_usage AS ccu USING (constraint_schema, constraint_catalog, table_name, constraint_name) JOIN information_schema.columns AS c ON c.table_schema = tc.constraint_schema AND tc.table_name = c.table_name AND ccu.column_name = c.column_name WHERE constraint_type IN ('PRIMARY KEY', 'UNIQUE') AND c.table_catalog = 'neondb' AND c.table_schema = CURRENT_SCHEMA() AND c.table_name = 'PersonalRecipe' AND constraint_type = 'UNIQUE'

2025/11/03 13:18:27 [32m
[0m[33m[33.327ms] [34;1m[rows:-][0m SELECT c.column_name, constraint_name, constraint_type FROM information_schema.table_constraints tc JOIN information_schema.constraint_column_usage AS ccu USING (constraint_schema, constraint_catalog, table_name, constraint_name) JOIN information_schema.columns AS c ON c.table_schema = tc.constraint_schema AND tc.table_name = c.table_name AND ccu.column_name = c.column_name WHERE constraint_type IN ('PRIMARY KEY', 'UNIQUE') AND c.table_catalog = 'neondb' AND c.table_schema = CURRENT_SCHEMA() AND c.table_name = 'PersonalRecipe'

2025/11/03 13:18:27 [32m
[0m[33m[30.859ms] [34;1m[rows:-][0m SELECT a.attname as column_name, format_type(a.atttypid, a.atttypmod) AS data_type
		FROM pg_attribute a JOIN pg_class b ON a.attrelid = b.oid AND relnamespace = (SELECT oid FROM pg_catalog.pg_namespace WHERE nspname = CURRENT_SCHEMA())
		WHERE a.attnum > 0 -- hide internal columns
		AND NOT a.attisdropped -- hide deleted columns
		AND b.relname = 'PersonalRecipe'

2025/11/03 13:18:27 [32m/Users/dmitrijfomin/Desktop/backend/internal/database/db.go:58
[0m[33m[31.315ms] [34;1m[rows:0][0m ALTER TABLE "PersonalRecipe" ALTER COLUMN "rating" SET DEFAULT 0

2025/11/03 13:18:27 [32m/Users/dmitrijfomin/Desktop/backend/internal/database/db.go:58
[0m[33m[31.206ms] [34;1m[rows:0][0m SELECT description FROM pg_catalog.pg_description WHERE objsubid = (SELECT ordinal_position FROM information_schema.columns WHERE table_schema = CURRENT_SCHEMA() AND table_name = 'PersonalRecipe' AND column_name = 'rating') AND objoid = (SELECT oid FROM pg_catalog.pg_class WHERE relname = 'PersonalRecipe' AND relnamespace = (SELECT oid FROM pg_catalog.pg_namespace WHERE nspname = CURRENT_SCHEMA()))

2025/11/03 13:18:27 [32m/Users/dmitrijfomin/Desktop/backend/internal/database/db.go:58
[0m[33m[30.426ms] [34;1m[rows:0][0m SELECT description FROM pg_catalog.pg_description WHERE objsubid = (SELECT ordinal_position FROM information_schema.columns WHERE table_schema = CURRENT_SCHEMA() AND table_name = 'PersonalRecipe' AND column_name = 'is_public') AND objoid = (SELECT oid FROM pg_catalog.pg_class WHERE relname = 'PersonalRecipe' AND relnamespace = (SELECT oid FROM pg_catalog.pg_namespace WHERE nspname = CURRENT_SCHEMA()))

2025/11/03 13:18:27 [32m
[0m[33m[29.933ms] [34;1m[rows:1][0m SELECT CURRENT_DATABASE()

2025/11/03 13:18:27 [32m
[0m[33m[31.624ms] [34;1m[rows:-][0m SELECT c.column_name, c.is_nullable = 'YES', c.udt_name, c.character_maximum_length, c.numeric_precision, c.numeric_precision_radix, c.numeric_scale, c.datetime_precision, 8 * typlen, c.column_default, pd.description, c.identity_increment FROM information_schema.columns AS c JOIN pg_type AS pgt ON c.udt_name = pgt.typname LEFT JOIN pg_catalog.pg_description as pd ON pd.objsubid = c.ordinal_position AND pd.objoid = (SELECT oid FROM pg_catalog.pg_class WHERE relname = c.table_name AND relnamespace = (SELECT oid FROM pg_catalog.pg_namespace WHERE nspname = c.table_schema)) where table_catalog = 'neondb' AND table_schema = CURRENT_SCHEMA() AND table_name = 'PersonalRecipe'

2025/11/03 13:18:27 [32m
[0m[33m[30.971ms] [34;1m[rows:-][0m SELECT * FROM "PersonalRecipe" LIMIT 5

2025/11/03 13:18:27 [32m
[0m[33m[31.676ms] [34;1m[rows:-][0m SELECT constraint_name FROM information_schema.table_constraints tc JOIN information_schema.constraint_column_usage AS ccu USING (constraint_schema, constraint_catalog, table_name, constraint_name) JOIN information_schema.columns AS c ON c.table_schema = tc.constraint_schema AND tc.table_name = c.table_name AND ccu.column_name = c.column_name WHERE constraint_type IN ('PRIMARY KEY', 'UNIQUE') AND c.table_catalog = 'neondb' AND c.table_schema = CURRENT_SCHEMA() AND c.table_name = 'PersonalRecipe' AND constraint_type = 'UNIQUE'

2025/11/03 13:18:27 [32m
[0m[33m[33.846ms] [34;1m[rows:-][0m SELECT c.column_name, constraint_name, constraint_type FROM information_schema.table_constraints tc JOIN information_schema.constraint_column_usage AS ccu USING (constraint_schema, constraint_catalog, table_name, constraint_name) JOIN information_schema.columns AS c ON c.table_schema = tc.constraint_schema AND tc.table_name = c.table_name AND ccu.column_name = c.column_name WHERE constraint_type IN ('PRIMARY KEY', 'UNIQUE') AND c.table_catalog = 'neondb' AND c.table_schema = CURRENT_SCHEMA() AND c.table_name = 'PersonalRecipe'

2025/11/03 13:18:27 [32m
[0m[33m[30.488ms] [34;1m[rows:-][0m SELECT a.attname as column_name, format_type(a.atttypid, a.atttypmod) AS data_type
		FROM pg_attribute a JOIN pg_class b ON a.attrelid = b.oid AND relnamespace = (SELECT oid FROM pg_catalog.pg_namespace WHERE nspname = CURRENT_SCHEMA())
		WHERE a.attnum > 0 -- hide internal columns
		AND NOT a.attisdropped -- hide deleted columns
		AND b.relname = 'PersonalRecipe'

2025/11/03 13:18:27 [32m/Users/dmitrijfomin/Desktop/backend/internal/database/db.go:58
[0m[33m[30.921ms] [34;1m[rows:0][0m ALTER TABLE "PersonalRecipe" ALTER COLUMN "price" SET DEFAULT 0

2025/11/03 13:18:27 [32m/Users/dmitrijfomin/Desktop/backend/internal/database/db.go:58
[0m[33m[31.244ms] [34;1m[rows:0][0m SELECT description FROM pg_catalog.pg_description WHERE objsubid = (SELECT ordinal_position FROM information_schema.columns WHERE table_schema = CURRENT_SCHEMA() AND table_name = 'PersonalRecipe' AND column_name = 'price') AND objoid = (SELECT oid FROM pg_catalog.pg_class WHERE relname = 'PersonalRecipe' AND relnamespace = (SELECT oid FROM pg_catalog.pg_namespace WHERE nspname = CURRENT_SCHEMA()))

2025/11/03 13:18:27 [32m/Users/dmitrijfomin/Desktop/backend/internal/database/db.go:58
[0m[33m[30.046ms] [34;1m[rows:0][0m SELECT description FROM pg_catalog.pg_description WHERE objsubid = (SELECT ordinal_position FROM information_schema.columns WHERE table_schema = CURRENT_SCHEMA() AND table_name = 'PersonalRecipe' AND column_name = 'purchases') AND objoid = (SELECT oid FROM pg_catalog.pg_class WHERE relname = 'PersonalRecipe' AND relnamespace = (SELECT oid FROM pg_catalog.pg_namespace WHERE nspname = CURRENT_SCHEMA()))

2025/11/03 13:18:27 [32m/Users/dmitrijfomin/Desktop/backend/internal/database/db.go:58
[0m[33m[30.390ms] [34;1m[rows:0][0m SELECT description FROM pg_catalog.pg_description WHERE objsubid = (SELECT ordinal_position FROM information_schema.columns WHERE table_schema = CURRENT_SCHEMA() AND table_name = 'PersonalRecipe' AND column_name = 'created_at') AND objoid = (SELECT oid FROM pg_catalog.pg_class WHERE relname = 'PersonalRecipe' AND relnamespace = (SELECT oid FROM pg_catalog.pg_namespace WHERE nspname = CURRENT_SCHEMA()))

2025/11/03 13:18:27 [32m/Users/dmitrijfomin/Desktop/backend/internal/database/db.go:58
[0m[33m[30.334ms] [34;1m[rows:0][0m SELECT description FROM pg_catalog.pg_description WHERE objsubid = (SELECT ordinal_position FROM information_schema.columns WHERE table_schema = CURRENT_SCHEMA() AND table_name = 'PersonalRecipe' AND column_name = 'updated_at') AND objoid = (SELECT oid FROM pg_catalog.pg_class WHERE relname = 'PersonalRecipe' AND relnamespace = (SELECT oid FROM pg_catalog.pg_namespace WHERE nspname = CURRENT_SCHEMA()))

2025/11/03 13:18:27 [32m/Users/dmitrijfomin/Desktop/backend/internal/database/db.go:58
[0m[33m[30.434ms] [34;1m[rows:1][0m SELECT count(*) FROM information_schema.tables WHERE table_schema = CURRENT_SCHEMA() AND table_name = 'Certificate' AND table_type = 'BASE TABLE'

2025/11/03 13:18:27 [32m/Users/dmitrijfomin/Desktop/backend/internal/database/db.go:58
[0m[33m[31.803ms] [34;1m[rows:1][0m SELECT CURRENT_DATABASE()

2025/11/03 13:18:27 [32m/Users/dmitrijfomin/Desktop/backend/internal/database/db.go:58
[0m[33m[31.083ms] [34;1m[rows:-][0m SELECT c.column_name, c.is_nullable = 'YES', c.udt_name, c.character_maximum_length, c.numeric_precision, c.numeric_precision_radix, c.numeric_scale, c.datetime_precision, 8 * typlen, c.column_default, pd.description, c.identity_increment FROM information_schema.columns AS c JOIN pg_type AS pgt ON c.udt_name = pgt.typname LEFT JOIN pg_catalog.pg_description as pd ON pd.objsubid = c.ordinal_position AND pd.objoid = (SELECT oid FROM pg_catalog.pg_class WHERE relname = c.table_name AND relnamespace = (SELECT oid FROM pg_catalog.pg_namespace WHERE nspname = c.table_schema)) where table_catalog = 'neondb' AND table_schema = CURRENT_SCHEMA() AND table_name = 'Certificate'

2025/11/03 13:18:27 [32m/Users/dmitrijfomin/Desktop/backend/internal/database/db.go:58
[0m[33m[31.407ms] [34;1m[rows:-][0m SELECT * FROM "Certificate" LIMIT 5

2025/11/03 13:18:27 [32m/Users/dmitrijfomin/Desktop/backend/internal/database/db.go:58
[0m[33m[30.585ms] [34;1m[rows:-][0m SELECT constraint_name FROM information_schema.table_constraints tc JOIN information_schema.constraint_column_usage AS ccu USING (constraint_schema, constraint_catalog, table_name, constraint_name) JOIN information_schema.columns AS c ON c.table_schema = tc.constraint_schema AND tc.table_name = c.table_name AND ccu.column_name = c.column_name WHERE constraint_type IN ('PRIMARY KEY', 'UNIQUE') AND c.table_catalog = 'neondb' AND c.table_schema = CURRENT_SCHEMA() AND c.table_name = 'Certificate' AND constraint_type = 'UNIQUE'

2025/11/03 13:18:27 [32m/Users/dmitrijfomin/Desktop/backend/internal/database/db.go:58
[0m[33m[34.166ms] [34;1m[rows:-][0m SELECT c.column_name, constraint_name, constraint_type FROM information_schema.table_constraints tc JOIN information_schema.constraint_column_usage AS ccu USING (constraint_schema, constraint_catalog, table_name, constraint_name) JOIN information_schema.columns AS c ON c.table_schema = tc.constraint_schema AND tc.table_name = c.table_name AND ccu.column_name = c.column_name WHERE constraint_type IN ('PRIMARY KEY', 'UNIQUE') AND c.table_catalog = 'neondb' AND c.table_schema = CURRENT_SCHEMA() AND c.table_name = 'Certificate'

2025/11/03 13:18:27 [32m/Users/dmitrijfomin/Desktop/backend/internal/database/db.go:58
[0m[33m[30.430ms] [34;1m[rows:-][0m SELECT a.attname as column_name, format_type(a.atttypid, a.atttypmod) AS data_type
		FROM pg_attribute a JOIN pg_class b ON a.attrelid = b.oid AND relnamespace = (SELECT oid FROM pg_catalog.pg_namespace WHERE nspname = CURRENT_SCHEMA())
		WHERE a.attnum > 0 -- hide internal columns
		AND NOT a.attisdropped -- hide deleted columns
		AND b.relname = 'Certificate'

2025/11/03 13:18:27 [32m/Users/dmitrijfomin/Desktop/backend/internal/database/db.go:58
[0m[33m[30.453ms] [34;1m[rows:0][0m SELECT description FROM pg_catalog.pg_description WHERE objsubid = (SELECT ordinal_position FROM information_schema.columns WHERE table_schema = CURRENT_SCHEMA() AND table_name = 'Certificate' AND column_name = 'id') AND objoid = (SELECT oid FROM pg_catalog.pg_class WHERE relname = 'Certificate' AND relnamespace = (SELECT oid FROM pg_catalog.pg_namespace WHERE nspname = CURRENT_SCHEMA()))

2025/11/03 13:18:27 [32m/Users/dmitrijfomin/Desktop/backend/internal/database/db.go:58
[0m[33m[31.123ms] [34;1m[rows:0][0m SELECT description FROM pg_catalog.pg_description WHERE objsubid = (SELECT ordinal_position FROM information_schema.columns WHERE table_schema = CURRENT_SCHEMA() AND table_name = 'Certificate' AND column_name = 'user_id') AND objoid = (SELECT oid FROM pg_catalog.pg_class WHERE relname = 'Certificate' AND relnamespace = (SELECT oid FROM pg_catalog.pg_namespace WHERE nspname = CURRENT_SCHEMA()))

2025/11/03 13:18:27 [32m/Users/dmitrijfomin/Desktop/backend/internal/database/db.go:58
[0m[33m[31.583ms] [34;1m[rows:0][0m SELECT description FROM pg_catalog.pg_description WHERE objsubid = (SELECT ordinal_position FROM information_schema.columns WHERE table_schema = CURRENT_SCHEMA() AND table_name = 'Certificate' AND column_name = 'course_id') AND objoid = (SELECT oid FROM pg_catalog.pg_class WHERE relname = 'Certificate' AND relnamespace = (SELECT oid FROM pg_catalog.pg_namespace WHERE nspname = CURRENT_SCHEMA()))

2025/11/03 13:18:27 [32m/Users/dmitrijfomin/Desktop/backend/internal/database/db.go:58
[0m[33m[32.187ms] [34;1m[rows:0][0m SELECT description FROM pg_catalog.pg_description WHERE objsubid = (SELECT ordinal_position FROM information_schema.columns WHERE table_schema = CURRENT_SCHEMA() AND table_name = 'Certificate' AND column_name = 'course_name') AND objoid = (SELECT oid FROM pg_catalog.pg_class WHERE relname = 'Certificate' AND relnamespace = (SELECT oid FROM pg_catalog.pg_namespace WHERE nspname = CURRENT_SCHEMA()))

2025/11/03 13:18:27 [32m/Users/dmitrijfomin/Desktop/backend/internal/database/db.go:58
[0m[33m[31.917ms] [34;1m[rows:0][0m SELECT description FROM pg_catalog.pg_description WHERE objsubid = (SELECT ordinal_position FROM information_schema.columns WHERE table_schema = CURRENT_SCHEMA() AND table_name = 'Certificate' AND column_name = 'user_name') AND objoid = (SELECT oid FROM pg_catalog.pg_class WHERE relname = 'Certificate' AND relnamespace = (SELECT oid FROM pg_catalog.pg_namespace WHERE nspname = CURRENT_SCHEMA()))

2025/11/03 13:18:27 [32m/Users/dmitrijfomin/Desktop/backend/internal/database/db.go:58
[0m[33m[30.708ms] [34;1m[rows:0][0m SELECT description FROM pg_catalog.pg_description WHERE objsubid = (SELECT ordinal_position FROM information_schema.columns WHERE table_schema = CURRENT_SCHEMA() AND table_name = 'Certificate' AND column_name = 'level') AND objoid = (SELECT oid FROM pg_catalog.pg_class WHERE relname = 'Certificate' AND relnamespace = (SELECT oid FROM pg_catalog.pg_namespace WHERE nspname = CURRENT_SCHEMA()))

2025/11/03 13:18:27 [32m/Users/dmitrijfomin/Desktop/backend/internal/database/db.go:58
[0m[33m[30.134ms] [34;1m[rows:0][0m SELECT description FROM pg_catalog.pg_description WHERE objsubid = (SELECT ordinal_position FROM information_schema.columns WHERE table_schema = CURRENT_SCHEMA() AND table_name = 'Certificate' AND column_name = 'stars') AND objoid = (SELECT oid FROM pg_catalog.pg_class WHERE relname = 'Certificate' AND relnamespace = (SELECT oid FROM pg_catalog.pg_namespace WHERE nspname = CURRENT_SCHEMA()))

2025/11/03 13:18:28 [32m/Users/dmitrijfomin/Desktop/backend/internal/database/db.go:58
[0m[33m[31.944ms] [34;1m[rows:0][0m SELECT description FROM pg_catalog.pg_description WHERE objsubid = (SELECT ordinal_position FROM information_schema.columns WHERE table_schema = CURRENT_SCHEMA() AND table_name = 'Certificate' AND column_name = 'pdf_url') AND objoid = (SELECT oid FROM pg_catalog.pg_class WHERE relname = 'Certificate' AND relnamespace = (SELECT oid FROM pg_catalog.pg_namespace WHERE nspname = CURRENT_SCHEMA()))

2025/11/03 13:18:28 [32m/Users/dmitrijfomin/Desktop/backend/internal/database/db.go:58
[0m[33m[30.001ms] [34;1m[rows:0][0m SELECT description FROM pg_catalog.pg_description WHERE objsubid = (SELECT ordinal_position FROM information_schema.columns WHERE table_schema = CURRENT_SCHEMA() AND table_name = 'Certificate' AND column_name = 'signature') AND objoid = (SELECT oid FROM pg_catalog.pg_class WHERE relname = 'Certificate' AND relnamespace = (SELECT oid FROM pg_catalog.pg_namespace WHERE nspname = CURRENT_SCHEMA()))

2025/11/03 13:18:28 [32m/Users/dmitrijfomin/Desktop/backend/internal/database/db.go:58
[0m[33m[30.057ms] [34;1m[rows:0][0m SELECT description FROM pg_catalog.pg_description WHERE objsubid = (SELECT ordinal_position FROM information_schema.columns WHERE table_schema = CURRENT_SCHEMA() AND table_name = 'Certificate' AND column_name = 'issued_at') AND objoid = (SELECT oid FROM pg_catalog.pg_class WHERE relname = 'Certificate' AND relnamespace = (SELECT oid FROM pg_catalog.pg_namespace WHERE nspname = CURRENT_SCHEMA()))

2025/11/03 13:18:28 [32m/Users/dmitrijfomin/Desktop/backend/internal/database/db.go:58
[0m[33m[29.767ms] [34;1m[rows:1][0m SELECT count(*) FROM information_schema.tables WHERE table_schema = CURRENT_SCHEMA() AND table_name = 'UserProgress' AND table_type = 'BASE TABLE'

2025/11/03 13:18:28 [32m/Users/dmitrijfomin/Desktop/backend/internal/database/db.go:58
[0m[33m[31.778ms] [34;1m[rows:1][0m SELECT CURRENT_DATABASE()

2025/11/03 13:18:28 [32m/Users/dmitrijfomin/Desktop/backend/internal/database/db.go:58
[0m[33m[33.074ms] [34;1m[rows:-][0m SELECT c.column_name, c.is_nullable = 'YES', c.udt_name, c.character_maximum_length, c.numeric_precision, c.numeric_precision_radix, c.numeric_scale, c.datetime_precision, 8 * typlen, c.column_default, pd.description, c.identity_increment FROM information_schema.columns AS c JOIN pg_type AS pgt ON c.udt_name = pgt.typname LEFT JOIN pg_catalog.pg_description as pd ON pd.objsubid = c.ordinal_position AND pd.objoid = (SELECT oid FROM pg_catalog.pg_class WHERE relname = c.table_name AND relnamespace = (SELECT oid FROM pg_catalog.pg_namespace WHERE nspname = c.table_schema)) where table_catalog = 'neondb' AND table_schema = CURRENT_SCHEMA() AND table_name = 'UserProgress'

2025/11/03 13:18:28 [32m/Users/dmitrijfomin/Desktop/backend/internal/database/db.go:58
[0m[33m[30.958ms] [34;1m[rows:-][0m SELECT * FROM "UserProgress" LIMIT 5

2025/11/03 13:18:28 [32m/Users/dmitrijfomin/Desktop/backend/internal/database/db.go:58
[0m[33m[30.119ms] [34;1m[rows:-][0m SELECT constraint_name FROM information_schema.table_constraints tc JOIN information_schema.constraint_column_usage AS ccu USING (constraint_schema, constraint_catalog, table_name, constraint_name) JOIN information_schema.columns AS c ON c.table_schema = tc.constraint_schema AND tc.table_name = c.table_name AND ccu.column_name = c.column_name WHERE constraint_type IN ('PRIMARY KEY', 'UNIQUE') AND c.table_catalog = 'neondb' AND c.table_schema = CURRENT_SCHEMA() AND c.table_name = 'UserProgress' AND constraint_type = 'UNIQUE'

2025/11/03 13:18:28 [32m/Users/dmitrijfomin/Desktop/backend/internal/database/db.go:58
[0m[33m[30.967ms] [34;1m[rows:-][0m SELECT c.column_name, constraint_name, constraint_type FROM information_schema.table_constraints tc JOIN information_schema.constraint_column_usage AS ccu USING (constraint_schema, constraint_catalog, table_name, constraint_name) JOIN information_schema.columns AS c ON c.table_schema = tc.constraint_schema AND tc.table_name = c.table_name AND ccu.column_name = c.column_name WHERE constraint_type IN ('PRIMARY KEY', 'UNIQUE') AND c.table_catalog = 'neondb' AND c.table_schema = CURRENT_SCHEMA() AND c.table_name = 'UserProgress'

2025/11/03 13:18:28 [32m/Users/dmitrijfomin/Desktop/backend/internal/database/db.go:58
[0m[33m[30.642ms] [34;1m[rows:-][0m SELECT a.attname as column_name, format_type(a.atttypid, a.atttypmod) AS data_type
		FROM pg_attribute a JOIN pg_class b ON a.attrelid = b.oid AND relnamespace = (SELECT oid FROM pg_catalog.pg_namespace WHERE nspname = CURRENT_SCHEMA())
		WHERE a.attnum > 0 -- hide internal columns
		AND NOT a.attisdropped -- hide deleted columns
		AND b.relname = 'UserProgress'

2025/11/03 13:18:28 [32m/Users/dmitrijfomin/Desktop/backend/internal/database/db.go:58
[0m[33m[30.328ms] [34;1m[rows:0][0m SELECT description FROM pg_catalog.pg_description WHERE objsubid = (SELECT ordinal_position FROM information_schema.columns WHERE table_schema = CURRENT_SCHEMA() AND table_name = 'UserProgress' AND column_name = 'id') AND objoid = (SELECT oid FROM pg_catalog.pg_class WHERE relname = 'UserProgress' AND relnamespace = (SELECT oid FROM pg_catalog.pg_namespace WHERE nspname = CURRENT_SCHEMA()))

2025/11/03 13:18:28 [32m/Users/dmitrijfomin/Desktop/backend/internal/database/db.go:58
[0m[33m[30.773ms] [34;1m[rows:0][0m SELECT description FROM pg_catalog.pg_description WHERE objsubid = (SELECT ordinal_position FROM information_schema.columns WHERE table_schema = CURRENT_SCHEMA() AND table_name = 'UserProgress' AND column_name = 'user_id') AND objoid = (SELECT oid FROM pg_catalog.pg_class WHERE relname = 'UserProgress' AND relnamespace = (SELECT oid FROM pg_catalog.pg_namespace WHERE nspname = CURRENT_SCHEMA()))

2025/11/03 13:18:28 [32m/Users/dmitrijfomin/Desktop/backend/internal/database/db.go:58
[0m[33m[32.950ms] [34;1m[rows:0][0m SELECT description FROM pg_catalog.pg_description WHERE objsubid = (SELECT ordinal_position FROM information_schema.columns WHERE table_schema = CURRENT_SCHEMA() AND table_name = 'UserProgress' AND column_name = 'course_id') AND objoid = (SELECT oid FROM pg_catalog.pg_class WHERE relname = 'UserProgress' AND relnamespace = (SELECT oid FROM pg_catalog.pg_namespace WHERE nspname = CURRENT_SCHEMA()))

2025/11/03 13:18:28 [32m/Users/dmitrijfomin/Desktop/backend/internal/database/db.go:58
[0m[33m[31.911ms] [34;1m[rows:0][0m SELECT description FROM pg_catalog.pg_description WHERE objsubid = (SELECT ordinal_position FROM information_schema.columns WHERE table_schema = CURRENT_SCHEMA() AND table_name = 'UserProgress' AND column_name = 'lesson_id') AND objoid = (SELECT oid FROM pg_catalog.pg_class WHERE relname = 'UserProgress' AND relnamespace = (SELECT oid FROM pg_catalog.pg_namespace WHERE nspname = CURRENT_SCHEMA()))

2025/11/03 13:18:28 [32m/Users/dmitrijfomin/Desktop/backend/internal/database/db.go:58
[0m[33m[30.619ms] [34;1m[rows:0][0m SELECT description FROM pg_catalog.pg_description WHERE objsubid = (SELECT ordinal_position FROM information_schema.columns WHERE table_schema = CURRENT_SCHEMA() AND table_name = 'UserProgress' AND column_name = 'completed_lessons') AND objoid = (SELECT oid FROM pg_catalog.pg_class WHERE relname = 'UserProgress' AND relnamespace = (SELECT oid FROM pg_catalog.pg_namespace WHERE nspname = CURRENT_SCHEMA()))

2025/11/03 13:18:28 [32m/Users/dmitrijfomin/Desktop/backend/internal/database/db.go:58
[0m[33m[30.532ms] [34;1m[rows:0][0m SELECT description FROM pg_catalog.pg_description WHERE objsubid = (SELECT ordinal_position FROM information_schema.columns WHERE table_schema = CURRENT_SCHEMA() AND table_name = 'UserProgress' AND column_name = 'total_lessons') AND objoid = (SELECT oid FROM pg_catalog.pg_class WHERE relname = 'UserProgress' AND relnamespace = (SELECT oid FROM pg_catalog.pg_namespace WHERE nspname = CURRENT_SCHEMA()))

2025/11/03 13:18:28 [32m/Users/dmitrijfomin/Desktop/backend/internal/database/db.go:58
[0m[33m[30.123ms] [34;1m[rows:0][0m SELECT description FROM pg_catalog.pg_description WHERE objsubid = (SELECT ordinal_position FROM information_schema.columns WHERE table_schema = CURRENT_SCHEMA() AND table_name = 'UserProgress' AND column_name = 'quiz_score') AND objoid = (SELECT oid FROM pg_catalog.pg_class WHERE relname = 'UserProgress' AND relnamespace = (SELECT oid FROM pg_catalog.pg_namespace WHERE nspname = CURRENT_SCHEMA()))

2025/11/03 13:18:28 [32m/Users/dmitrijfomin/Desktop/backend/internal/database/db.go:58
[0m[33m[30.055ms] [34;1m[rows:0][0m SELECT description FROM pg_catalog.pg_description WHERE objsubid = (SELECT ordinal_position FROM information_schema.columns WHERE table_schema = CURRENT_SCHEMA() AND table_name = 'UserProgress' AND column_name = 'stars_earned') AND objoid = (SELECT oid FROM pg_catalog.pg_class WHERE relname = 'UserProgress' AND relnamespace = (SELECT oid FROM pg_catalog.pg_namespace WHERE nspname = CURRENT_SCHEMA()))

2025/11/03 13:18:28 [32m/Users/dmitrijfomin/Desktop/backend/internal/database/db.go:58
[0m[33m[31.924ms] [34;1m[rows:0][0m SELECT description FROM pg_catalog.pg_description WHERE objsubid = (SELECT ordinal_position FROM information_schema.columns WHERE table_schema = CURRENT_SCHEMA() AND table_name = 'UserProgress' AND column_name = 'is_completed') AND objoid = (SELECT oid FROM pg_catalog.pg_class WHERE relname = 'UserProgress' AND relnamespace = (SELECT oid FROM pg_catalog.pg_namespace WHERE nspname = CURRENT_SCHEMA()))

2025/11/03 13:18:28 [32m/Users/dmitrijfomin/Desktop/backend/internal/database/db.go:58
[0m[33m[30.333ms] [34;1m[rows:0][0m SELECT description FROM pg_catalog.pg_description WHERE objsubid = (SELECT ordinal_position FROM information_schema.columns WHERE table_schema = CURRENT_SCHEMA() AND table_name = 'UserProgress' AND column_name = 'last_accessed_at') AND objoid = (SELECT oid FROM pg_catalog.pg_class WHERE relname = 'UserProgress' AND relnamespace = (SELECT oid FROM pg_catalog.pg_namespace WHERE nspname = CURRENT_SCHEMA()))

2025/11/03 13:18:28 [32m/Users/dmitrijfomin/Desktop/backend/internal/database/db.go:58
[0m[33m[30.191ms] [34;1m[rows:0][0m SELECT description FROM pg_catalog.pg_description WHERE objsubid = (SELECT ordinal_position FROM information_schema.columns WHERE table_schema = CURRENT_SCHEMA() AND table_name = 'UserProgress' AND column_name = 'completed_at') AND objoid = (SELECT oid FROM pg_catalog.pg_class WHERE relname = 'UserProgress' AND relnamespace = (SELECT oid FROM pg_catalog.pg_namespace WHERE nspname = CURRENT_SCHEMA()))

2025/11/03 13:18:28 [32m/Users/dmitrijfomin/Desktop/backend/internal/database/db.go:58
[0m[33m[30.722ms] [34;1m[rows:1][0m SELECT count(*) FROM information_schema.tables WHERE table_schema = CURRENT_SCHEMA() AND table_name = 'WalletTransaction' AND table_type = 'BASE TABLE'

2025/11/03 13:18:28 [32m/Users/dmitrijfomin/Desktop/backend/internal/database/db.go:58
[0m[33m[30.733ms] [34;1m[rows:1][0m SELECT CURRENT_DATABASE()

2025/11/03 13:18:28 [32m/Users/dmitrijfomin/Desktop/backend/internal/database/db.go:58
[0m[33m[31.643ms] [34;1m[rows:-][0m SELECT c.column_name, c.is_nullable = 'YES', c.udt_name, c.character_maximum_length, c.numeric_precision, c.numeric_precision_radix, c.numeric_scale, c.datetime_precision, 8 * typlen, c.column_default, pd.description, c.identity_increment FROM information_schema.columns AS c JOIN pg_type AS pgt ON c.udt_name = pgt.typname LEFT JOIN pg_catalog.pg_description as pd ON pd.objsubid = c.ordinal_position AND pd.objoid = (SELECT oid FROM pg_catalog.pg_class WHERE relname = c.table_name AND relnamespace = (SELECT oid FROM pg_catalog.pg_namespace WHERE nspname = c.table_schema)) where table_catalog = 'neondb' AND table_schema = CURRENT_SCHEMA() AND table_name = 'WalletTransaction'

2025/11/03 13:18:28 [32m/Users/dmitrijfomin/Desktop/backend/internal/database/db.go:58
[0m[33m[30.160ms] [34;1m[rows:-][0m SELECT * FROM "WalletTransaction" LIMIT 5

2025/11/03 13:18:28 [32m/Users/dmitrijfomin/Desktop/backend/internal/database/db.go:58
[0m[33m[30.795ms] [34;1m[rows:-][0m SELECT constraint_name FROM information_schema.table_constraints tc JOIN information_schema.constraint_column_usage AS ccu USING (constraint_schema, constraint_catalog, table_name, constraint_name) JOIN information_schema.columns AS c ON c.table_schema = tc.constraint_schema AND tc.table_name = c.table_name AND ccu.column_name = c.column_name WHERE constraint_type IN ('PRIMARY KEY', 'UNIQUE') AND c.table_catalog = 'neondb' AND c.table_schema = CURRENT_SCHEMA() AND c.table_name = 'WalletTransaction' AND constraint_type = 'UNIQUE'

2025/11/03 13:18:28 [32m/Users/dmitrijfomin/Desktop/backend/internal/database/db.go:58
[0m[33m[32.186ms] [34;1m[rows:-][0m SELECT c.column_name, constraint_name, constraint_type FROM information_schema.table_constraints tc JOIN information_schema.constraint_column_usage AS ccu USING (constraint_schema, constraint_catalog, table_name, constraint_name) JOIN information_schema.columns AS c ON c.table_schema = tc.constraint_schema AND tc.table_name = c.table_name AND ccu.column_name = c.column_name WHERE constraint_type IN ('PRIMARY KEY', 'UNIQUE') AND c.table_catalog = 'neondb' AND c.table_schema = CURRENT_SCHEMA() AND c.table_name = 'WalletTransaction'

2025/11/03 13:18:28 [32m/Users/dmitrijfomin/Desktop/backend/internal/database/db.go:58
[0m[33m[30.699ms] [34;1m[rows:-][0m SELECT a.attname as column_name, format_type(a.atttypid, a.atttypmod) AS data_type
		FROM pg_attribute a JOIN pg_class b ON a.attrelid = b.oid AND relnamespace = (SELECT oid FROM pg_catalog.pg_namespace WHERE nspname = CURRENT_SCHEMA())
		WHERE a.attnum > 0 -- hide internal columns
		AND NOT a.attisdropped -- hide deleted columns
		AND b.relname = 'WalletTransaction'

2025/11/03 13:18:28 [32m/Users/dmitrijfomin/Desktop/backend/internal/database/db.go:58
[0m[33m[30.563ms] [34;1m[rows:0][0m SELECT description FROM pg_catalog.pg_description WHERE objsubid = (SELECT ordinal_position FROM information_schema.columns WHERE table_schema = CURRENT_SCHEMA() AND table_name = 'WalletTransaction' AND column_name = 'id') AND objoid = (SELECT oid FROM pg_catalog.pg_class WHERE relname = 'WalletTransaction' AND relnamespace = (SELECT oid FROM pg_catalog.pg_namespace WHERE nspname = CURRENT_SCHEMA()))

2025/11/03 13:18:28 [32m/Users/dmitrijfomin/Desktop/backend/internal/database/db.go:58
[0m[33m[30.098ms] [34;1m[rows:0][0m SELECT description FROM pg_catalog.pg_description WHERE objsubid = (SELECT ordinal_position FROM information_schema.columns WHERE table_schema = CURRENT_SCHEMA() AND table_name = 'WalletTransaction' AND column_name = 'user_id') AND objoid = (SELECT oid FROM pg_catalog.pg_class WHERE relname = 'WalletTransaction' AND relnamespace = (SELECT oid FROM pg_catalog.pg_namespace WHERE nspname = CURRENT_SCHEMA()))

2025/11/03 13:18:28 [32m/Users/dmitrijfomin/Desktop/backend/internal/database/db.go:58
[0m[33m[30.403ms] [34;1m[rows:0][0m SELECT description FROM pg_catalog.pg_description WHERE objsubid = (SELECT ordinal_position FROM information_schema.columns WHERE table_schema = CURRENT_SCHEMA() AND table_name = 'WalletTransaction' AND column_name = 'amount') AND objoid = (SELECT oid FROM pg_catalog.pg_class WHERE relname = 'WalletTransaction' AND relnamespace = (SELECT oid FROM pg_catalog.pg_namespace WHERE nspname = CURRENT_SCHEMA()))

2025/11/03 13:18:29 [32m/Users/dmitrijfomin/Desktop/backend/internal/database/db.go:58
[0m[33m[30.018ms] [34;1m[rows:0][0m SELECT description FROM pg_catalog.pg_description WHERE objsubid = (SELECT ordinal_position FROM information_schema.columns WHERE table_schema = CURRENT_SCHEMA() AND table_name = 'WalletTransaction' AND column_name = 'type') AND objoid = (SELECT oid FROM pg_catalog.pg_class WHERE relname = 'WalletTransaction' AND relnamespace = (SELECT oid FROM pg_catalog.pg_namespace WHERE nspname = CURRENT_SCHEMA()))

2025/11/03 13:18:29 [32m/Users/dmitrijfomin/Desktop/backend/internal/database/db.go:58
[0m[33m[29.899ms] [34;1m[rows:0][0m SELECT description FROM pg_catalog.pg_description WHERE objsubid = (SELECT ordinal_position FROM information_schema.columns WHERE table_schema = CURRENT_SCHEMA() AND table_name = 'WalletTransaction' AND column_name = 'description') AND objoid = (SELECT oid FROM pg_catalog.pg_class WHERE relname = 'WalletTransaction' AND relnamespace = (SELECT oid FROM pg_catalog.pg_namespace WHERE nspname = CURRENT_SCHEMA()))

2025/11/03 13:18:29 [32m/Users/dmitrijfomin/Desktop/backend/internal/database/db.go:58
[0m[33m[30.094ms] [34;1m[rows:0][0m SELECT description FROM pg_catalog.pg_description WHERE objsubid = (SELECT ordinal_position FROM information_schema.columns WHERE table_schema = CURRENT_SCHEMA() AND table_name = 'WalletTransaction' AND column_name = 'related_id') AND objoid = (SELECT oid FROM pg_catalog.pg_class WHERE relname = 'WalletTransaction' AND relnamespace = (SELECT oid FROM pg_catalog.pg_namespace WHERE nspname = CURRENT_SCHEMA()))

2025/11/03 13:18:29 [32m/Users/dmitrijfomin/Desktop/backend/internal/database/db.go:58
[0m[33m[30.402ms] [34;1m[rows:0][0m SELECT description FROM pg_catalog.pg_description WHERE objsubid = (SELECT ordinal_position FROM information_schema.columns WHERE table_schema = CURRENT_SCHEMA() AND table_name = 'WalletTransaction' AND column_name = 'created_at') AND objoid = (SELECT oid FROM pg_catalog.pg_class WHERE relname = 'WalletTransaction' AND relnamespace = (SELECT oid FROM pg_catalog.pg_namespace WHERE nspname = CURRENT_SCHEMA()))

2025/11/03 13:18:29 [32m/Users/dmitrijfomin/Desktop/backend/internal/database/db.go:58
[0m[33m[30.959ms] [34;1m[rows:1][0m SELECT count(*) FROM information_schema.tables WHERE table_schema = CURRENT_SCHEMA() AND table_name = 'MarketPurchase' AND table_type = 'BASE TABLE'

2025/11/03 13:18:29 [32m/Users/dmitrijfomin/Desktop/backend/internal/database/db.go:58
[0m[33m[32.292ms] [34;1m[rows:1][0m SELECT CURRENT_DATABASE()

2025/11/03 13:18:29 [32m/Users/dmitrijfomin/Desktop/backend/internal/database/db.go:58
[0m[33m[31.050ms] [34;1m[rows:-][0m SELECT c.column_name, c.is_nullable = 'YES', c.udt_name, c.character_maximum_length, c.numeric_precision, c.numeric_precision_radix, c.numeric_scale, c.datetime_precision, 8 * typlen, c.column_default, pd.description, c.identity_increment FROM information_schema.columns AS c JOIN pg_type AS pgt ON c.udt_name = pgt.typname LEFT JOIN pg_catalog.pg_description as pd ON pd.objsubid = c.ordinal_position AND pd.objoid = (SELECT oid FROM pg_catalog.pg_class WHERE relname = c.table_name AND relnamespace = (SELECT oid FROM pg_catalog.pg_namespace WHERE nspname = c.table_schema)) where table_catalog = 'neondb' AND table_schema = CURRENT_SCHEMA() AND table_name = 'MarketPurchase'

2025/11/03 13:18:29 [32m/Users/dmitrijfomin/Desktop/backend/internal/database/db.go:58
[0m[33m[29.382ms] [34;1m[rows:-][0m SELECT * FROM "MarketPurchase" LIMIT 5

2025/11/03 13:18:29 [32m/Users/dmitrijfomin/Desktop/backend/internal/database/db.go:58
[0m[33m[31.032ms] [34;1m[rows:-][0m SELECT constraint_name FROM information_schema.table_constraints tc JOIN information_schema.constraint_column_usage AS ccu USING (constraint_schema, constraint_catalog, table_name, constraint_name) JOIN information_schema.columns AS c ON c.table_schema = tc.constraint_schema AND tc.table_name = c.table_name AND ccu.column_name = c.column_name WHERE constraint_type IN ('PRIMARY KEY', 'UNIQUE') AND c.table_catalog = 'neondb' AND c.table_schema = CURRENT_SCHEMA() AND c.table_name = 'MarketPurchase' AND constraint_type = 'UNIQUE'

2025/11/03 13:18:29 [32m/Users/dmitrijfomin/Desktop/backend/internal/database/db.go:58
[0m[33m[30.878ms] [34;1m[rows:-][0m SELECT c.column_name, constraint_name, constraint_type FROM information_schema.table_constraints tc JOIN information_schema.constraint_column_usage AS ccu USING (constraint_schema, constraint_catalog, table_name, constraint_name) JOIN information_schema.columns AS c ON c.table_schema = tc.constraint_schema AND tc.table_name = c.table_name AND ccu.column_name = c.column_name WHERE constraint_type IN ('PRIMARY KEY', 'UNIQUE') AND c.table_catalog = 'neondb' AND c.table_schema = CURRENT_SCHEMA() AND c.table_name = 'MarketPurchase'

2025/11/03 13:18:29 [32m/Users/dmitrijfomin/Desktop/backend/internal/database/db.go:58
[0m[33m[32.028ms] [34;1m[rows:-][0m SELECT a.attname as column_name, format_type(a.atttypid, a.atttypmod) AS data_type
		FROM pg_attribute a JOIN pg_class b ON a.attrelid = b.oid AND relnamespace = (SELECT oid FROM pg_catalog.pg_namespace WHERE nspname = CURRENT_SCHEMA())
		WHERE a.attnum > 0 -- hide internal columns
		AND NOT a.attisdropped -- hide deleted columns
		AND b.relname = 'MarketPurchase'

2025/11/03 13:18:29 [32m/Users/dmitrijfomin/Desktop/backend/internal/database/db.go:58
[0m[33m[31.327ms] [34;1m[rows:0][0m SELECT description FROM pg_catalog.pg_description WHERE objsubid = (SELECT ordinal_position FROM information_schema.columns WHERE table_schema = CURRENT_SCHEMA() AND table_name = 'MarketPurchase' AND column_name = 'id') AND objoid = (SELECT oid FROM pg_catalog.pg_class WHERE relname = 'MarketPurchase' AND relnamespace = (SELECT oid FROM pg_catalog.pg_namespace WHERE nspname = CURRENT_SCHEMA()))

2025/11/03 13:18:29 [32m/Users/dmitrijfomin/Desktop/backend/internal/database/db.go:58
[0m[33m[30.096ms] [34;1m[rows:0][0m SELECT description FROM pg_catalog.pg_description WHERE objsubid = (SELECT ordinal_position FROM information_schema.columns WHERE table_schema = CURRENT_SCHEMA() AND table_name = 'MarketPurchase' AND column_name = 'buyer_id') AND objoid = (SELECT oid FROM pg_catalog.pg_class WHERE relname = 'MarketPurchase' AND relnamespace = (SELECT oid FROM pg_catalog.pg_namespace WHERE nspname = CURRENT_SCHEMA()))

2025/11/03 13:18:29 [32m/Users/dmitrijfomin/Desktop/backend/internal/database/db.go:58
[0m[33m[30.603ms] [34;1m[rows:0][0m SELECT description FROM pg_catalog.pg_description WHERE objsubid = (SELECT ordinal_position FROM information_schema.columns WHERE table_schema = CURRENT_SCHEMA() AND table_name = 'MarketPurchase' AND column_name = 'seller_id') AND objoid = (SELECT oid FROM pg_catalog.pg_class WHERE relname = 'MarketPurchase' AND relnamespace = (SELECT oid FROM pg_catalog.pg_namespace WHERE nspname = CURRENT_SCHEMA()))

2025/11/03 13:18:29 [32m/Users/dmitrijfomin/Desktop/backend/internal/database/db.go:58
[0m[33m[30.969ms] [34;1m[rows:0][0m SELECT description FROM pg_catalog.pg_description WHERE objsubid = (SELECT ordinal_position FROM information_schema.columns WHERE table_schema = CURRENT_SCHEMA() AND table_name = 'MarketPurchase' AND column_name = 'recipe_id') AND objoid = (SELECT oid FROM pg_catalog.pg_class WHERE relname = 'MarketPurchase' AND relnamespace = (SELECT oid FROM pg_catalog.pg_namespace WHERE nspname = CURRENT_SCHEMA()))

2025/11/03 13:18:29 [32m/Users/dmitrijfomin/Desktop/backend/internal/database/db.go:58
[0m[33m[29.536ms] [34;1m[rows:0][0m SELECT description FROM pg_catalog.pg_description WHERE objsubid = (SELECT ordinal_position FROM information_schema.columns WHERE table_schema = CURRENT_SCHEMA() AND table_name = 'MarketPurchase' AND column_name = 'price') AND objoid = (SELECT oid FROM pg_catalog.pg_class WHERE relname = 'MarketPurchase' AND relnamespace = (SELECT oid FROM pg_catalog.pg_namespace WHERE nspname = CURRENT_SCHEMA()))

2025/11/03 13:18:29 [32m/Users/dmitrijfomin/Desktop/backend/internal/database/db.go:58
[0m[33m[30.472ms] [34;1m[rows:0][0m SELECT description FROM pg_catalog.pg_description WHERE objsubid = (SELECT ordinal_position FROM information_schema.columns WHERE table_schema = CURRENT_SCHEMA() AND table_name = 'MarketPurchase' AND column_name = 'created_at') AND objoid = (SELECT oid FROM pg_catalog.pg_class WHERE relname = 'MarketPurchase' AND relnamespace = (SELECT oid FROM pg_catalog.pg_namespace WHERE nspname = CURRENT_SCHEMA()))

2025/11/03 13:18:29 [32m/Users/dmitrijfomin/Desktop/backend/internal/database/db.go:58
[0m[33m[29.720ms] [34;1m[rows:1][0m SELECT count(*) FROM information_schema.tables WHERE table_schema = CURRENT_SCHEMA() AND table_name = 'Course' AND table_type = 'BASE TABLE'

2025/11/03 13:18:29 [32m/Users/dmitrijfomin/Desktop/backend/internal/database/db.go:58
[0m[33m[30.362ms] [34;1m[rows:1][0m SELECT CURRENT_DATABASE()

2025/11/03 13:18:29 [32m/Users/dmitrijfomin/Desktop/backend/internal/database/db.go:58
[0m[33m[33.277ms] [34;1m[rows:-][0m SELECT c.column_name, c.is_nullable = 'YES', c.udt_name, c.character_maximum_length, c.numeric_precision, c.numeric_precision_radix, c.numeric_scale, c.datetime_precision, 8 * typlen, c.column_default, pd.description, c.identity_increment FROM information_schema.columns AS c JOIN pg_type AS pgt ON c.udt_name = pgt.typname LEFT JOIN pg_catalog.pg_description as pd ON pd.objsubid = c.ordinal_position AND pd.objoid = (SELECT oid FROM pg_catalog.pg_class WHERE relname = c.table_name AND relnamespace = (SELECT oid FROM pg_catalog.pg_namespace WHERE nspname = c.table_schema)) where table_catalog = 'neondb' AND table_schema = CURRENT_SCHEMA() AND table_name = 'Course'

2025/11/03 13:18:29 [32m/Users/dmitrijfomin/Desktop/backend/internal/database/db.go:58
[0m[33m[29.959ms] [34;1m[rows:-][0m SELECT * FROM "Course" LIMIT 5

2025/11/03 13:18:29 [32m/Users/dmitrijfomin/Desktop/backend/internal/database/db.go:58
[0m[33m[31.848ms] [34;1m[rows:-][0m SELECT constraint_name FROM information_schema.table_constraints tc JOIN information_schema.constraint_column_usage AS ccu USING (constraint_schema, constraint_catalog, table_name, constraint_name) JOIN information_schema.columns AS c ON c.table_schema = tc.constraint_schema AND tc.table_name = c.table_name AND ccu.column_name = c.column_name WHERE constraint_type IN ('PRIMARY KEY', 'UNIQUE') AND c.table_catalog = 'neondb' AND c.table_schema = CURRENT_SCHEMA() AND c.table_name = 'Course' AND constraint_type = 'UNIQUE'

2025/11/03 13:18:29 [32m/Users/dmitrijfomin/Desktop/backend/internal/database/db.go:58
[0m[33m[32.801ms] [34;1m[rows:-][0m SELECT c.column_name, constraint_name, constraint_type FROM information_schema.table_constraints tc JOIN information_schema.constraint_column_usage AS ccu USING (constraint_schema, constraint_catalog, table_name, constraint_name) JOIN information_schema.columns AS c ON c.table_schema = tc.constraint_schema AND tc.table_name = c.table_name AND ccu.column_name = c.column_name WHERE constraint_type IN ('PRIMARY KEY', 'UNIQUE') AND c.table_catalog = 'neondb' AND c.table_schema = CURRENT_SCHEMA() AND c.table_name = 'Course'

2025/11/03 13:18:29 [32m/Users/dmitrijfomin/Desktop/backend/internal/database/db.go:58
[0m[33m[30.238ms] [34;1m[rows:-][0m SELECT a.attname as column_name, format_type(a.atttypid, a.atttypmod) AS data_type
		FROM pg_attribute a JOIN pg_class b ON a.attrelid = b.oid AND relnamespace = (SELECT oid FROM pg_catalog.pg_namespace WHERE nspname = CURRENT_SCHEMA())
		WHERE a.attnum > 0 -- hide internal columns
		AND NOT a.attisdropped -- hide deleted columns
		AND b.relname = 'Course'

2025/11/03 13:18:29 [32m/Users/dmitrijfomin/Desktop/backend/internal/database/db.go:58
[0m[33m[30.396ms] [34;1m[rows:0][0m SELECT description FROM pg_catalog.pg_description WHERE objsubid = (SELECT ordinal_position FROM information_schema.columns WHERE table_schema = CURRENT_SCHEMA() AND table_name = 'Course' AND column_name = 'id') AND objoid = (SELECT oid FROM pg_catalog.pg_class WHERE relname = 'Course' AND relnamespace = (SELECT oid FROM pg_catalog.pg_namespace WHERE nspname = CURRENT_SCHEMA()))

2025/11/03 13:18:29 [32m/Users/dmitrijfomin/Desktop/backend/internal/database/db.go:58
[0m[33m[32.101ms] [34;1m[rows:0][0m SELECT description FROM pg_catalog.pg_description WHERE objsubid = (SELECT ordinal_position FROM information_schema.columns WHERE table_schema = CURRENT_SCHEMA() AND table_name = 'Course' AND column_name = 'title') AND objoid = (SELECT oid FROM pg_catalog.pg_class WHERE relname = 'Course' AND relnamespace = (SELECT oid FROM pg_catalog.pg_namespace WHERE nspname = CURRENT_SCHEMA()))

2025/11/03 13:18:29 [32m/Users/dmitrijfomin/Desktop/backend/internal/database/db.go:58
[0m[33m[30.484ms] [34;1m[rows:0][0m SELECT description FROM pg_catalog.pg_description WHERE objsubid = (SELECT ordinal_position FROM information_schema.columns WHERE table_schema = CURRENT_SCHEMA() AND table_name = 'Course' AND column_name = 'description') AND objoid = (SELECT oid FROM pg_catalog.pg_class WHERE relname = 'Course' AND relnamespace = (SELECT oid FROM pg_catalog.pg_namespace WHERE nspname = CURRENT_SCHEMA()))

2025/11/03 13:18:29 [32m/Users/dmitrijfomin/Desktop/backend/internal/database/db.go:58
[0m[33m[37.201ms] [34;1m[rows:0][0m SELECT description FROM pg_catalog.pg_description WHERE objsubid = (SELECT ordinal_position FROM information_schema.columns WHERE table_schema = CURRENT_SCHEMA() AND table_name = 'Course' AND column_name = 'image_url') AND objoid = (SELECT oid FROM pg_catalog.pg_class WHERE relname = 'Course' AND relnamespace = (SELECT oid FROM pg_catalog.pg_namespace WHERE nspname = CURRENT_SCHEMA()))

2025/11/03 13:18:29 [32m/Users/dmitrijfomin/Desktop/backend/internal/database/db.go:58
[0m[33m[30.322ms] [34;1m[rows:0][0m SELECT description FROM pg_catalog.pg_description WHERE objsubid = (SELECT ordinal_position FROM information_schema.columns WHERE table_schema = CURRENT_SCHEMA() AND table_name = 'Course' AND column_name = 'level') AND objoid = (SELECT oid FROM pg_catalog.pg_class WHERE relname = 'Course' AND relnamespace = (SELECT oid FROM pg_catalog.pg_namespace WHERE nspname = CURRENT_SCHEMA()))

2025/11/03 13:18:29 [32m/Users/dmitrijfomin/Desktop/backend/internal/database/db.go:58
[0m[33m[31.107ms] [34;1m[rows:0][0m SELECT description FROM pg_catalog.pg_description WHERE objsubid = (SELECT ordinal_position FROM information_schema.columns WHERE table_schema = CURRENT_SCHEMA() AND table_name = 'Course' AND column_name = 'category') AND objoid = (SELECT oid FROM pg_catalog.pg_class WHERE relname = 'Course' AND relnamespace = (SELECT oid FROM pg_catalog.pg_namespace WHERE nspname = CURRENT_SCHEMA()))

2025/11/03 13:18:29 [32m/Users/dmitrijfomin/Desktop/backend/internal/database/db.go:58
[0m[33m[29.832ms] [34;1m[rows:0][0m SELECT description FROM pg_catalog.pg_description WHERE objsubid = (SELECT ordinal_position FROM information_schema.columns WHERE table_schema = CURRENT_SCHEMA() AND table_name = 'Course' AND column_name = 'duration') AND objoid = (SELECT oid FROM pg_catalog.pg_class WHERE relname = 'Course' AND relnamespace = (SELECT oid FROM pg_catalog.pg_namespace WHERE nspname = CURRENT_SCHEMA()))

2025/11/03 13:18:29 [32m/Users/dmitrijfomin/Desktop/backend/internal/database/db.go:58
[0m[33m[30.466ms] [34;1m[rows:0][0m SELECT description FROM pg_catalog.pg_description WHERE objsubid = (SELECT ordinal_position FROM information_schema.columns WHERE table_schema = CURRENT_SCHEMA() AND table_name = 'Course' AND column_name = 'lessons_count') AND objoid = (SELECT oid FROM pg_catalog.pg_class WHERE relname = 'Course' AND relnamespace = (SELECT oid FROM pg_catalog.pg_namespace WHERE nspname = CURRENT_SCHEMA()))

2025/11/03 13:18:30 [32m/Users/dmitrijfomin/Desktop/backend/internal/database/db.go:58
[0m[33m[30.437ms] [34;1m[rows:0][0m SELECT description FROM pg_catalog.pg_description WHERE objsubid = (SELECT ordinal_position FROM information_schema.columns WHERE table_schema = CURRENT_SCHEMA() AND table_name = 'Course' AND column_name = 'language') AND objoid = (SELECT oid FROM pg_catalog.pg_class WHERE relname = 'Course' AND relnamespace = (SELECT oid FROM pg_catalog.pg_namespace WHERE nspname = CURRENT_SCHEMA()))

2025/11/03 13:18:30 [32m/Users/dmitrijfomin/Desktop/backend/internal/database/db.go:58
[0m[33m[30.555ms] [34;1m[rows:0][0m SELECT description FROM pg_catalog.pg_description WHERE objsubid = (SELECT ordinal_position FROM information_schema.columns WHERE table_schema = CURRENT_SCHEMA() AND table_name = 'Course' AND column_name = 'is_published') AND objoid = (SELECT oid FROM pg_catalog.pg_class WHERE relname = 'Course' AND relnamespace = (SELECT oid FROM pg_catalog.pg_namespace WHERE nspname = CURRENT_SCHEMA()))

2025/11/03 13:18:30 [32m/Users/dmitrijfomin/Desktop/backend/internal/database/db.go:58
[0m[33m[30.325ms] [34;1m[rows:0][0m SELECT description FROM pg_catalog.pg_description WHERE objsubid = (SELECT ordinal_position FROM information_schema.columns WHERE table_schema = CURRENT_SCHEMA() AND table_name = 'Course' AND column_name = 'instructor') AND objoid = (SELECT oid FROM pg_catalog.pg_class WHERE relname = 'Course' AND relnamespace = (SELECT oid FROM pg_catalog.pg_namespace WHERE nspname = CURRENT_SCHEMA()))

2025/11/03 13:18:30 [32m/Users/dmitrijfomin/Desktop/backend/internal/database/db.go:58
[0m[33m[30.148ms] [34;1m[rows:0][0m SELECT description FROM pg_catalog.pg_description WHERE objsubid = (SELECT ordinal_position FROM information_schema.columns WHERE table_schema = CURRENT_SCHEMA() AND table_name = 'Course' AND column_name = 'stars') AND objoid = (SELECT oid FROM pg_catalog.pg_class WHERE relname = 'Course' AND relnamespace = (SELECT oid FROM pg_catalog.pg_namespace WHERE nspname = CURRENT_SCHEMA()))

2025/11/03 13:18:30 [32m/Users/dmitrijfomin/Desktop/backend/internal/database/db.go:58
[0m[33m[30.070ms] [34;1m[rows:0][0m SELECT description FROM pg_catalog.pg_description WHERE objsubid = (SELECT ordinal_position FROM information_schema.columns WHERE table_schema = CURRENT_SCHEMA() AND table_name = 'Course' AND column_name = 'created_at') AND objoid = (SELECT oid FROM pg_catalog.pg_class WHERE relname = 'Course' AND relnamespace = (SELECT oid FROM pg_catalog.pg_namespace WHERE nspname = CURRENT_SCHEMA()))

2025/11/03 13:18:30 [32m/Users/dmitrijfomin/Desktop/backend/internal/database/db.go:58
[0m[33m[31.471ms] [34;1m[rows:0][0m SELECT description FROM pg_catalog.pg_description WHERE objsubid = (SELECT ordinal_position FROM information_schema.columns WHERE table_schema = CURRENT_SCHEMA() AND table_name = 'Course' AND column_name = 'updated_at') AND objoid = (SELECT oid FROM pg_catalog.pg_class WHERE relname = 'Course' AND relnamespace = (SELECT oid FROM pg_catalog.pg_namespace WHERE nspname = CURRENT_SCHEMA()))

2025/11/03 13:18:30 [32m/Users/dmitrijfomin/Desktop/backend/internal/database/db.go:58
[0m[33m[29.934ms] [34;1m[rows:1][0m SELECT count(*) FROM information_schema.tables WHERE table_schema = CURRENT_SCHEMA() AND table_name = 'Lesson' AND table_type = 'BASE TABLE'

2025/11/03 13:18:30 [32m/Users/dmitrijfomin/Desktop/backend/internal/database/db.go:58
[0m[33m[30.264ms] [34;1m[rows:1][0m SELECT CURRENT_DATABASE()

2025/11/03 13:18:30 [32m/Users/dmitrijfomin/Desktop/backend/internal/database/db.go:58
[0m[33m[31.905ms] [34;1m[rows:-][0m SELECT c.column_name, c.is_nullable = 'YES', c.udt_name, c.character_maximum_length, c.numeric_precision, c.numeric_precision_radix, c.numeric_scale, c.datetime_precision, 8 * typlen, c.column_default, pd.description, c.identity_increment FROM information_schema.columns AS c JOIN pg_type AS pgt ON c.udt_name = pgt.typname LEFT JOIN pg_catalog.pg_description as pd ON pd.objsubid = c.ordinal_position AND pd.objoid = (SELECT oid FROM pg_catalog.pg_class WHERE relname = c.table_name AND relnamespace = (SELECT oid FROM pg_catalog.pg_namespace WHERE nspname = c.table_schema)) where table_catalog = 'neondb' AND table_schema = CURRENT_SCHEMA() AND table_name = 'Lesson'

2025/11/03 13:18:30 [32m/Users/dmitrijfomin/Desktop/backend/internal/database/db.go:58
[0m[33m[32.006ms] [34;1m[rows:-][0m SELECT * FROM "Lesson" LIMIT 5

2025/11/03 13:18:30 [32m/Users/dmitrijfomin/Desktop/backend/internal/database/db.go:58
[0m[33m[32.800ms] [34;1m[rows:-][0m SELECT constraint_name FROM information_schema.table_constraints tc JOIN information_schema.constraint_column_usage AS ccu USING (constraint_schema, constraint_catalog, table_name, constraint_name) JOIN information_schema.columns AS c ON c.table_schema = tc.constraint_schema AND tc.table_name = c.table_name AND ccu.column_name = c.column_name WHERE constraint_type IN ('PRIMARY KEY', 'UNIQUE') AND c.table_catalog = 'neondb' AND c.table_schema = CURRENT_SCHEMA() AND c.table_name = 'Lesson' AND constraint_type = 'UNIQUE'

2025/11/03 13:18:30 [32m/Users/dmitrijfomin/Desktop/backend/internal/database/db.go:58
[0m[33m[31.842ms] [34;1m[rows:-][0m SELECT c.column_name, constraint_name, constraint_type FROM information_schema.table_constraints tc JOIN information_schema.constraint_column_usage AS ccu USING (constraint_schema, constraint_catalog, table_name, constraint_name) JOIN information_schema.columns AS c ON c.table_schema = tc.constraint_schema AND tc.table_name = c.table_name AND ccu.column_name = c.column_name WHERE constraint_type IN ('PRIMARY KEY', 'UNIQUE') AND c.table_catalog = 'neondb' AND c.table_schema = CURRENT_SCHEMA() AND c.table_name = 'Lesson'

2025/11/03 13:18:30 [32m/Users/dmitrijfomin/Desktop/backend/internal/database/db.go:58
[0m[33m[32.397ms] [34;1m[rows:-][0m SELECT a.attname as column_name, format_type(a.atttypid, a.atttypmod) AS data_type
		FROM pg_attribute a JOIN pg_class b ON a.attrelid = b.oid AND relnamespace = (SELECT oid FROM pg_catalog.pg_namespace WHERE nspname = CURRENT_SCHEMA())
		WHERE a.attnum > 0 -- hide internal columns
		AND NOT a.attisdropped -- hide deleted columns
		AND b.relname = 'Lesson'

2025/11/03 13:18:30 [32m/Users/dmitrijfomin/Desktop/backend/internal/database/db.go:58
[0m[33m[30.147ms] [34;1m[rows:0][0m SELECT description FROM pg_catalog.pg_description WHERE objsubid = (SELECT ordinal_position FROM information_schema.columns WHERE table_schema = CURRENT_SCHEMA() AND table_name = 'Lesson' AND column_name = 'id') AND objoid = (SELECT oid FROM pg_catalog.pg_class WHERE relname = 'Lesson' AND relnamespace = (SELECT oid FROM pg_catalog.pg_namespace WHERE nspname = CURRENT_SCHEMA()))

2025/11/03 13:18:30 [32m/Users/dmitrijfomin/Desktop/backend/internal/database/db.go:58
[0m[33m[30.350ms] [34;1m[rows:0][0m SELECT description FROM pg_catalog.pg_description WHERE objsubid = (SELECT ordinal_position FROM information_schema.columns WHERE table_schema = CURRENT_SCHEMA() AND table_name = 'Lesson' AND column_name = 'course_id') AND objoid = (SELECT oid FROM pg_catalog.pg_class WHERE relname = 'Lesson' AND relnamespace = (SELECT oid FROM pg_catalog.pg_namespace WHERE nspname = CURRENT_SCHEMA()))

2025/11/03 13:18:30 [32m/Users/dmitrijfomin/Desktop/backend/internal/database/db.go:58
[0m[33m[30.168ms] [34;1m[rows:0][0m SELECT description FROM pg_catalog.pg_description WHERE objsubid = (SELECT ordinal_position FROM information_schema.columns WHERE table_schema = CURRENT_SCHEMA() AND table_name = 'Lesson' AND column_name = 'title') AND objoid = (SELECT oid FROM pg_catalog.pg_class WHERE relname = 'Lesson' AND relnamespace = (SELECT oid FROM pg_catalog.pg_namespace WHERE nspname = CURRENT_SCHEMA()))

2025/11/03 13:18:30 [32m/Users/dmitrijfomin/Desktop/backend/internal/database/db.go:58
[0m[33m[30.886ms] [34;1m[rows:0][0m SELECT description FROM pg_catalog.pg_description WHERE objsubid = (SELECT ordinal_position FROM information_schema.columns WHERE table_schema = CURRENT_SCHEMA() AND table_name = 'Lesson' AND column_name = 'description') AND objoid = (SELECT oid FROM pg_catalog.pg_class WHERE relname = 'Lesson' AND relnamespace = (SELECT oid FROM pg_catalog.pg_namespace WHERE nspname = CURRENT_SCHEMA()))

2025/11/03 13:18:30 [32m/Users/dmitrijfomin/Desktop/backend/internal/database/db.go:58
[0m[33m[31.439ms] [34;1m[rows:0][0m SELECT description FROM pg_catalog.pg_description WHERE objsubid = (SELECT ordinal_position FROM information_schema.columns WHERE table_schema = CURRENT_SCHEMA() AND table_name = 'Lesson' AND column_name = 'video_url') AND objoid = (SELECT oid FROM pg_catalog.pg_class WHERE relname = 'Lesson' AND relnamespace = (SELECT oid FROM pg_catalog.pg_namespace WHERE nspname = CURRENT_SCHEMA()))

2025/11/03 13:18:30 [32m/Users/dmitrijfomin/Desktop/backend/internal/database/db.go:58
[0m[33m[31.015ms] [34;1m[rows:0][0m SELECT description FROM pg_catalog.pg_description WHERE objsubid = (SELECT ordinal_position FROM information_schema.columns WHERE table_schema = CURRENT_SCHEMA() AND table_name = 'Lesson' AND column_name = 'order') AND objoid = (SELECT oid FROM pg_catalog.pg_class WHERE relname = 'Lesson' AND relnamespace = (SELECT oid FROM pg_catalog.pg_namespace WHERE nspname = CURRENT_SCHEMA()))

2025/11/03 13:18:30 [32m/Users/dmitrijfomin/Desktop/backend/internal/database/db.go:58
[0m[33m[31.732ms] [34;1m[rows:0][0m SELECT description FROM pg_catalog.pg_description WHERE objsubid = (SELECT ordinal_position FROM information_schema.columns WHERE table_schema = CURRENT_SCHEMA() AND table_name = 'Lesson' AND column_name = 'duration') AND objoid = (SELECT oid FROM pg_catalog.pg_class WHERE relname = 'Lesson' AND relnamespace = (SELECT oid FROM pg_catalog.pg_namespace WHERE nspname = CURRENT_SCHEMA()))

2025/11/03 13:18:30 [32m/Users/dmitrijfomin/Desktop/backend/internal/database/db.go:58
[0m[33m[31.533ms] [34;1m[rows:0][0m SELECT description FROM pg_catalog.pg_description WHERE objsubid = (SELECT ordinal_position FROM information_schema.columns WHERE table_schema = CURRENT_SCHEMA() AND table_name = 'Lesson' AND column_name = 'content') AND objoid = (SELECT oid FROM pg_catalog.pg_class WHERE relname = 'Lesson' AND relnamespace = (SELECT oid FROM pg_catalog.pg_namespace WHERE nspname = CURRENT_SCHEMA()))

2025/11/03 13:18:30 [32m/Users/dmitrijfomin/Desktop/backend/internal/database/db.go:58
[0m[33m[30.607ms] [34;1m[rows:0][0m SELECT description FROM pg_catalog.pg_description WHERE objsubid = (SELECT ordinal_position FROM information_schema.columns WHERE table_schema = CURRENT_SCHEMA() AND table_name = 'Lesson' AND column_name = 'steps') AND objoid = (SELECT oid FROM pg_catalog.pg_class WHERE relname = 'Lesson' AND relnamespace = (SELECT oid FROM pg_catalog.pg_namespace WHERE nspname = CURRENT_SCHEMA()))

2025/11/03 13:18:30 [32m/Users/dmitrijfomin/Desktop/backend/internal/database/db.go:58
[0m[33m[31.498ms] [34;1m[rows:0][0m SELECT description FROM pg_catalog.pg_description WHERE objsubid = (SELECT ordinal_position FROM information_schema.columns WHERE table_schema = CURRENT_SCHEMA() AND table_name = 'Lesson' AND column_name = 'is_published') AND objoid = (SELECT oid FROM pg_catalog.pg_class WHERE relname = 'Lesson' AND relnamespace = (SELECT oid FROM pg_catalog.pg_namespace WHERE nspname = CURRENT_SCHEMA()))

2025/11/03 13:18:30 [32m/Users/dmitrijfomin/Desktop/backend/internal/database/db.go:58
[0m[33m[30.948ms] [34;1m[rows:0][0m SELECT description FROM pg_catalog.pg_description WHERE objsubid = (SELECT ordinal_position FROM information_schema.columns WHERE table_schema = CURRENT_SCHEMA() AND table_name = 'Lesson' AND column_name = 'created_at') AND objoid = (SELECT oid FROM pg_catalog.pg_class WHERE relname = 'Lesson' AND relnamespace = (SELECT oid FROM pg_catalog.pg_namespace WHERE nspname = CURRENT_SCHEMA()))

2025/11/03 13:18:30 [32m/Users/dmitrijfomin/Desktop/backend/internal/database/db.go:58
[0m[33m[29.996ms] [34;1m[rows:0][0m SELECT description FROM pg_catalog.pg_description WHERE objsubid = (SELECT ordinal_position FROM information_schema.columns WHERE table_schema = CURRENT_SCHEMA() AND table_name = 'Lesson' AND column_name = 'updated_at') AND objoid = (SELECT oid FROM pg_catalog.pg_class WHERE relname = 'Lesson' AND relnamespace = (SELECT oid FROM pg_catalog.pg_namespace WHERE nspname = CURRENT_SCHEMA()))

2025/11/03 13:18:30 [32m/Users/dmitrijfomin/Desktop/backend/internal/database/db.go:58
[0m[33m[31.154ms] [34;1m[rows:1][0m SELECT count(*) FROM information_schema.tables WHERE table_schema = CURRENT_SCHEMA() AND table_name = 'QuizQuestion' AND table_type = 'BASE TABLE'

2025/11/03 13:18:30 [32m/Users/dmitrijfomin/Desktop/backend/internal/database/db.go:58
[0m[33m[31.233ms] [34;1m[rows:1][0m SELECT CURRENT_DATABASE()

2025/11/03 13:18:30 [32m/Users/dmitrijfomin/Desktop/backend/internal/database/db.go:58
[0m[33m[31.559ms] [34;1m[rows:-][0m SELECT c.column_name, c.is_nullable = 'YES', c.udt_name, c.character_maximum_length, c.numeric_precision, c.numeric_precision_radix, c.numeric_scale, c.datetime_precision, 8 * typlen, c.column_default, pd.description, c.identity_increment FROM information_schema.columns AS c JOIN pg_type AS pgt ON c.udt_name = pgt.typname LEFT JOIN pg_catalog.pg_description as pd ON pd.objsubid = c.ordinal_position AND pd.objoid = (SELECT oid FROM pg_catalog.pg_class WHERE relname = c.table_name AND relnamespace = (SELECT oid FROM pg_catalog.pg_namespace WHERE nspname = c.table_schema)) where table_catalog = 'neondb' AND table_schema = CURRENT_SCHEMA() AND table_name = 'QuizQuestion'

2025/11/03 13:18:30 [32m/Users/dmitrijfomin/Desktop/backend/internal/database/db.go:58
[0m[33m[31.154ms] [34;1m[rows:-][0m SELECT * FROM "QuizQuestion" LIMIT 5

2025/11/03 13:18:30 [32m/Users/dmitrijfomin/Desktop/backend/internal/database/db.go:58
[0m[33m[32.271ms] [34;1m[rows:-][0m SELECT constraint_name FROM information_schema.table_constraints tc JOIN information_schema.constraint_column_usage AS ccu USING (constraint_schema, constraint_catalog, table_name, constraint_name) JOIN information_schema.columns AS c ON c.table_schema = tc.constraint_schema AND tc.table_name = c.table_name AND ccu.column_name = c.column_name WHERE constraint_type IN ('PRIMARY KEY', 'UNIQUE') AND c.table_catalog = 'neondb' AND c.table_schema = CURRENT_SCHEMA() AND c.table_name = 'QuizQuestion' AND constraint_type = 'UNIQUE'

2025/11/03 13:18:30 [32m/Users/dmitrijfomin/Desktop/backend/internal/database/db.go:58
[0m[33m[31.758ms] [34;1m[rows:-][0m SELECT c.column_name, constraint_name, constraint_type FROM information_schema.table_constraints tc JOIN information_schema.constraint_column_usage AS ccu USING (constraint_schema, constraint_catalog, table_name, constraint_name) JOIN information_schema.columns AS c ON c.table_schema = tc.constraint_schema AND tc.table_name = c.table_name AND ccu.column_name = c.column_name WHERE constraint_type IN ('PRIMARY KEY', 'UNIQUE') AND c.table_catalog = 'neondb' AND c.table_schema = CURRENT_SCHEMA() AND c.table_name = 'QuizQuestion'

2025/11/03 13:18:30 [32m/Users/dmitrijfomin/Desktop/backend/internal/database/db.go:58
[0m[33m[34.697ms] [34;1m[rows:-][0m SELECT a.attname as column_name, format_type(a.atttypid, a.atttypmod) AS data_type
		FROM pg_attribute a JOIN pg_class b ON a.attrelid = b.oid AND relnamespace = (SELECT oid FROM pg_catalog.pg_namespace WHERE nspname = CURRENT_SCHEMA())
		WHERE a.attnum > 0 -- hide internal columns
		AND NOT a.attisdropped -- hide deleted columns
		AND b.relname = 'QuizQuestion'

2025/11/03 13:18:31 [32m/Users/dmitrijfomin/Desktop/backend/internal/database/db.go:58
[0m[33m[31.269ms] [34;1m[rows:0][0m SELECT description FROM pg_catalog.pg_description WHERE objsubid = (SELECT ordinal_position FROM information_schema.columns WHERE table_schema = CURRENT_SCHEMA() AND table_name = 'QuizQuestion' AND column_name = 'id') AND objoid = (SELECT oid FROM pg_catalog.pg_class WHERE relname = 'QuizQuestion' AND relnamespace = (SELECT oid FROM pg_catalog.pg_namespace WHERE nspname = CURRENT_SCHEMA()))

2025/11/03 13:18:31 [32m/Users/dmitrijfomin/Desktop/backend/internal/database/db.go:58
[0m[33m[31.508ms] [34;1m[rows:0][0m SELECT description FROM pg_catalog.pg_description WHERE objsubid = (SELECT ordinal_position FROM information_schema.columns WHERE table_schema = CURRENT_SCHEMA() AND table_name = 'QuizQuestion' AND column_name = 'course_id') AND objoid = (SELECT oid FROM pg_catalog.pg_class WHERE relname = 'QuizQuestion' AND relnamespace = (SELECT oid FROM pg_catalog.pg_namespace WHERE nspname = CURRENT_SCHEMA()))

2025/11/03 13:18:31 [32m/Users/dmitrijfomin/Desktop/backend/internal/database/db.go:58
[0m[33m[31.956ms] [34;1m[rows:0][0m SELECT description FROM pg_catalog.pg_description WHERE objsubid = (SELECT ordinal_position FROM information_schema.columns WHERE table_schema = CURRENT_SCHEMA() AND table_name = 'QuizQuestion' AND column_name = 'question') AND objoid = (SELECT oid FROM pg_catalog.pg_class WHERE relname = 'QuizQuestion' AND relnamespace = (SELECT oid FROM pg_catalog.pg_namespace WHERE nspname = CURRENT_SCHEMA()))

2025/11/03 13:18:31 [32m/Users/dmitrijfomin/Desktop/backend/internal/database/db.go:58
[0m[33m[32.624ms] [34;1m[rows:0][0m SELECT description FROM pg_catalog.pg_description WHERE objsubid = (SELECT ordinal_position FROM information_schema.columns WHERE table_schema = CURRENT_SCHEMA() AND table_name = 'QuizQuestion' AND column_name = 'options') AND objoid = (SELECT oid FROM pg_catalog.pg_class WHERE relname = 'QuizQuestion' AND relnamespace = (SELECT oid FROM pg_catalog.pg_namespace WHERE nspname = CURRENT_SCHEMA()))

2025/11/03 13:18:31 [32m/Users/dmitrijfomin/Desktop/backend/internal/database/db.go:58
[0m[33m[29.817ms] [34;1m[rows:0][0m SELECT description FROM pg_catalog.pg_description WHERE objsubid = (SELECT ordinal_position FROM information_schema.columns WHERE table_schema = CURRENT_SCHEMA() AND table_name = 'QuizQuestion' AND column_name = 'correct_answer') AND objoid = (SELECT oid FROM pg_catalog.pg_class WHERE relname = 'QuizQuestion' AND relnamespace = (SELECT oid FROM pg_catalog.pg_namespace WHERE nspname = CURRENT_SCHEMA()))

2025/11/03 13:18:31 [32m/Users/dmitrijfomin/Desktop/backend/internal/database/db.go:58
[0m[33m[33.187ms] [34;1m[rows:0][0m SELECT description FROM pg_catalog.pg_description WHERE objsubid = (SELECT ordinal_position FROM information_schema.columns WHERE table_schema = CURRENT_SCHEMA() AND table_name = 'QuizQuestion' AND column_name = 'explanation') AND objoid = (SELECT oid FROM pg_catalog.pg_class WHERE relname = 'QuizQuestion' AND relnamespace = (SELECT oid FROM pg_catalog.pg_namespace WHERE nspname = CURRENT_SCHEMA()))

2025/11/03 13:18:31 [32m/Users/dmitrijfomin/Desktop/backend/internal/database/db.go:58
[0m[33m[31.153ms] [34;1m[rows:0][0m SELECT description FROM pg_catalog.pg_description WHERE objsubid = (SELECT ordinal_position FROM information_schema.columns WHERE table_schema = CURRENT_SCHEMA() AND table_name = 'QuizQuestion' AND column_name = 'difficulty') AND objoid = (SELECT oid FROM pg_catalog.pg_class WHERE relname = 'QuizQuestion' AND relnamespace = (SELECT oid FROM pg_catalog.pg_namespace WHERE nspname = CURRENT_SCHEMA()))

2025/11/03 13:18:31 [32m/Users/dmitrijfomin/Desktop/backend/internal/database/db.go:58
[0m[33m[30.703ms] [34;1m[rows:0][0m SELECT description FROM pg_catalog.pg_description WHERE objsubid = (SELECT ordinal_position FROM information_schema.columns WHERE table_schema = CURRENT_SCHEMA() AND table_name = 'QuizQuestion' AND column_name = 'language') AND objoid = (SELECT oid FROM pg_catalog.pg_class WHERE relname = 'QuizQuestion' AND relnamespace = (SELECT oid FROM pg_catalog.pg_namespace WHERE nspname = CURRENT_SCHEMA()))

2025/11/03 13:18:31 [32m/Users/dmitrijfomin/Desktop/backend/internal/database/db.go:58
[0m[33m[32.149ms] [34;1m[rows:0][0m SELECT description FROM pg_catalog.pg_description WHERE objsubid = (SELECT ordinal_position FROM information_schema.columns WHERE table_schema = CURRENT_SCHEMA() AND table_name = 'QuizQuestion' AND column_name = 'created_at') AND objoid = (SELECT oid FROM pg_catalog.pg_class WHERE relname = 'QuizQuestion' AND relnamespace = (SELECT oid FROM pg_catalog.pg_namespace WHERE nspname = CURRENT_SCHEMA()))

2025/11/03 13:18:31 [32m/Users/dmitrijfomin/Desktop/backend/internal/database/db.go:58
[0m[33m[29.850ms] [34;1m[rows:1][0m SELECT count(*) FROM information_schema.tables WHERE table_schema = CURRENT_SCHEMA() AND table_name = 'UserQuiz' AND table_type = 'BASE TABLE'

2025/11/03 13:18:31 [32m/Users/dmitrijfomin/Desktop/backend/internal/database/db.go:58
[0m[33m[30.051ms] [34;1m[rows:1][0m SELECT CURRENT_DATABASE()

2025/11/03 13:18:31 [32m/Users/dmitrijfomin/Desktop/backend/internal/database/db.go:58
[0m[33m[32.935ms] [34;1m[rows:-][0m SELECT c.column_name, c.is_nullable = 'YES', c.udt_name, c.character_maximum_length, c.numeric_precision, c.numeric_precision_radix, c.numeric_scale, c.datetime_precision, 8 * typlen, c.column_default, pd.description, c.identity_increment FROM information_schema.columns AS c JOIN pg_type AS pgt ON c.udt_name = pgt.typname LEFT JOIN pg_catalog.pg_description as pd ON pd.objsubid = c.ordinal_position AND pd.objoid = (SELECT oid FROM pg_catalog.pg_class WHERE relname = c.table_name AND relnamespace = (SELECT oid FROM pg_catalog.pg_namespace WHERE nspname = c.table_schema)) where table_catalog = 'neondb' AND table_schema = CURRENT_SCHEMA() AND table_name = 'UserQuiz'

2025/11/03 13:18:31 [32m/Users/dmitrijfomin/Desktop/backend/internal/database/db.go:58
[0m[33m[30.482ms] [34;1m[rows:-][0m SELECT * FROM "UserQuiz" LIMIT 5

2025/11/03 13:18:31 [32m/Users/dmitrijfomin/Desktop/backend/internal/database/db.go:58
[0m[33m[31.574ms] [34;1m[rows:-][0m SELECT constraint_name FROM information_schema.table_constraints tc JOIN information_schema.constraint_column_usage AS ccu USING (constraint_schema, constraint_catalog, table_name, constraint_name) JOIN information_schema.columns AS c ON c.table_schema = tc.constraint_schema AND tc.table_name = c.table_name AND ccu.column_name = c.column_name WHERE constraint_type IN ('PRIMARY KEY', 'UNIQUE') AND c.table_catalog = 'neondb' AND c.table_schema = CURRENT_SCHEMA() AND c.table_name = 'UserQuiz' AND constraint_type = 'UNIQUE'

2025/11/03 13:18:31 [32m/Users/dmitrijfomin/Desktop/backend/internal/database/db.go:58
[0m[33m[31.704ms] [34;1m[rows:-][0m SELECT c.column_name, constraint_name, constraint_type FROM information_schema.table_constraints tc JOIN information_schema.constraint_column_usage AS ccu USING (constraint_schema, constraint_catalog, table_name, constraint_name) JOIN information_schema.columns AS c ON c.table_schema = tc.constraint_schema AND tc.table_name = c.table_name AND ccu.column_name = c.column_name WHERE constraint_type IN ('PRIMARY KEY', 'UNIQUE') AND c.table_catalog = 'neondb' AND c.table_schema = CURRENT_SCHEMA() AND c.table_name = 'UserQuiz'

2025/11/03 13:18:31 [32m/Users/dmitrijfomin/Desktop/backend/internal/database/db.go:58
[0m[33m[31.507ms] [34;1m[rows:-][0m SELECT a.attname as column_name, format_type(a.atttypid, a.atttypmod) AS data_type
		FROM pg_attribute a JOIN pg_class b ON a.attrelid = b.oid AND relnamespace = (SELECT oid FROM pg_catalog.pg_namespace WHERE nspname = CURRENT_SCHEMA())
		WHERE a.attnum > 0 -- hide internal columns
		AND NOT a.attisdropped -- hide deleted columns
		AND b.relname = 'UserQuiz'

2025/11/03 13:18:31 [32m/Users/dmitrijfomin/Desktop/backend/internal/database/db.go:58
[0m[33m[30.749ms] [34;1m[rows:0][0m SELECT description FROM pg_catalog.pg_description WHERE objsubid = (SELECT ordinal_position FROM information_schema.columns WHERE table_schema = CURRENT_SCHEMA() AND table_name = 'UserQuiz' AND column_name = 'id') AND objoid = (SELECT oid FROM pg_catalog.pg_class WHERE relname = 'UserQuiz' AND relnamespace = (SELECT oid FROM pg_catalog.pg_namespace WHERE nspname = CURRENT_SCHEMA()))

2025/11/03 13:18:31 [32m/Users/dmitrijfomin/Desktop/backend/internal/database/db.go:58
[0m[33m[31.487ms] [34;1m[rows:0][0m SELECT description FROM pg_catalog.pg_description WHERE objsubid = (SELECT ordinal_position FROM information_schema.columns WHERE table_schema = CURRENT_SCHEMA() AND table_name = 'UserQuiz' AND column_name = 'user_id') AND objoid = (SELECT oid FROM pg_catalog.pg_class WHERE relname = 'UserQuiz' AND relnamespace = (SELECT oid FROM pg_catalog.pg_namespace WHERE nspname = CURRENT_SCHEMA()))

2025/11/03 13:18:31 [32m/Users/dmitrijfomin/Desktop/backend/internal/database/db.go:58
[0m[33m[30.148ms] [34;1m[rows:0][0m SELECT description FROM pg_catalog.pg_description WHERE objsubid = (SELECT ordinal_position FROM information_schema.columns WHERE table_schema = CURRENT_SCHEMA() AND table_name = 'UserQuiz' AND column_name = 'course_id') AND objoid = (SELECT oid FROM pg_catalog.pg_class WHERE relname = 'UserQuiz' AND relnamespace = (SELECT oid FROM pg_catalog.pg_namespace WHERE nspname = CURRENT_SCHEMA()))

2025/11/03 13:18:31 [32m/Users/dmitrijfomin/Desktop/backend/internal/database/db.go:58
[0m[33m[31.163ms] [34;1m[rows:0][0m SELECT description FROM pg_catalog.pg_description WHERE objsubid = (SELECT ordinal_position FROM information_schema.columns WHERE table_schema = CURRENT_SCHEMA() AND table_name = 'UserQuiz' AND column_name = 'score') AND objoid = (SELECT oid FROM pg_catalog.pg_class WHERE relname = 'UserQuiz' AND relnamespace = (SELECT oid FROM pg_catalog.pg_namespace WHERE nspname = CURRENT_SCHEMA()))

2025/11/03 13:18:31 [32m/Users/dmitrijfomin/Desktop/backend/internal/database/db.go:58
[0m[33m[30.407ms] [34;1m[rows:0][0m SELECT description FROM pg_catalog.pg_description WHERE objsubid = (SELECT ordinal_position FROM information_schema.columns WHERE table_schema = CURRENT_SCHEMA() AND table_name = 'UserQuiz' AND column_name = 'total_questions') AND objoid = (SELECT oid FROM pg_catalog.pg_class WHERE relname = 'UserQuiz' AND relnamespace = (SELECT oid FROM pg_catalog.pg_namespace WHERE nspname = CURRENT_SCHEMA()))

2025/11/03 13:18:31 [32m/Users/dmitrijfomin/Desktop/backend/internal/database/db.go:58
[0m[33m[30.126ms] [34;1m[rows:0][0m SELECT description FROM pg_catalog.pg_description WHERE objsubid = (SELECT ordinal_position FROM information_schema.columns WHERE table_schema = CURRENT_SCHEMA() AND table_name = 'UserQuiz' AND column_name = 'correct_answers') AND objoid = (SELECT oid FROM pg_catalog.pg_class WHERE relname = 'UserQuiz' AND relnamespace = (SELECT oid FROM pg_catalog.pg_namespace WHERE nspname = CURRENT_SCHEMA()))

2025/11/03 13:18:31 [32m/Users/dmitrijfomin/Desktop/backend/internal/database/db.go:58
[0m[33m[30.060ms] [34;1m[rows:0][0m SELECT description FROM pg_catalog.pg_description WHERE objsubid = (SELECT ordinal_position FROM information_schema.columns WHERE table_schema = CURRENT_SCHEMA() AND table_name = 'UserQuiz' AND column_name = 'answers') AND objoid = (SELECT oid FROM pg_catalog.pg_class WHERE relname = 'UserQuiz' AND relnamespace = (SELECT oid FROM pg_catalog.pg_namespace WHERE nspname = CURRENT_SCHEMA()))

2025/11/03 13:18:31 [32m/Users/dmitrijfomin/Desktop/backend/internal/database/db.go:58
[0m[33m[30.669ms] [34;1m[rows:0][0m SELECT description FROM pg_catalog.pg_description WHERE objsubid = (SELECT ordinal_position FROM information_schema.columns WHERE table_schema = CURRENT_SCHEMA() AND table_name = 'UserQuiz' AND column_name = 'stars_earned') AND objoid = (SELECT oid FROM pg_catalog.pg_class WHERE relname = 'UserQuiz' AND relnamespace = (SELECT oid FROM pg_catalog.pg_namespace WHERE nspname = CURRENT_SCHEMA()))

2025/11/03 13:18:31 [32m/Users/dmitrijfomin/Desktop/backend/internal/database/db.go:58
[0m[33m[30.336ms] [34;1m[rows:0][0m SELECT description FROM pg_catalog.pg_description WHERE objsubid = (SELECT ordinal_position FROM information_schema.columns WHERE table_schema = CURRENT_SCHEMA() AND table_name = 'UserQuiz' AND column_name = 'completed_at') AND objoid = (SELECT oid FROM pg_catalog.pg_class WHERE relname = 'UserQuiz' AND relnamespace = (SELECT oid FROM pg_catalog.pg_namespace WHERE nspname = CURRENT_SCHEMA()))

2025/11/03 13:18:31 [32m/Users/dmitrijfomin/Desktop/backend/internal/database/db.go:58
[0m[33m[35.005ms] [34;1m[rows:1][0m SELECT count(*) FROM information_schema.tables WHERE table_schema = CURRENT_SCHEMA() AND table_name = 'MentorSession' AND table_type = 'BASE TABLE'

2025/11/03 13:18:31 [32m/Users/dmitrijfomin/Desktop/backend/internal/database/db.go:58
[0m[33m[32.053ms] [34;1m[rows:1][0m SELECT CURRENT_DATABASE()

2025/11/03 13:18:31 [32m/Users/dmitrijfomin/Desktop/backend/internal/database/db.go:58
[0m[33m[31.602ms] [34;1m[rows:-][0m SELECT c.column_name, c.is_nullable = 'YES', c.udt_name, c.character_maximum_length, c.numeric_precision, c.numeric_precision_radix, c.numeric_scale, c.datetime_precision, 8 * typlen, c.column_default, pd.description, c.identity_increment FROM information_schema.columns AS c JOIN pg_type AS pgt ON c.udt_name = pgt.typname LEFT JOIN pg_catalog.pg_description as pd ON pd.objsubid = c.ordinal_position AND pd.objoid = (SELECT oid FROM pg_catalog.pg_class WHERE relname = c.table_name AND relnamespace = (SELECT oid FROM pg_catalog.pg_namespace WHERE nspname = c.table_schema)) where table_catalog = 'neondb' AND table_schema = CURRENT_SCHEMA() AND table_name = 'MentorSession'

2025/11/03 13:18:31 [32m/Users/dmitrijfomin/Desktop/backend/internal/database/db.go:58
[0m[33m[30.681ms] [34;1m[rows:-][0m SELECT * FROM "MentorSession" LIMIT 5

2025/11/03 13:18:31 [32m/Users/dmitrijfomin/Desktop/backend/internal/database/db.go:58
[0m[33m[34.002ms] [34;1m[rows:-][0m SELECT constraint_name FROM information_schema.table_constraints tc JOIN information_schema.constraint_column_usage AS ccu USING (constraint_schema, constraint_catalog, table_name, constraint_name) JOIN information_schema.columns AS c ON c.table_schema = tc.constraint_schema AND tc.table_name = c.table_name AND ccu.column_name = c.column_name WHERE constraint_type IN ('PRIMARY KEY', 'UNIQUE') AND c.table_catalog = 'neondb' AND c.table_schema = CURRENT_SCHEMA() AND c.table_name = 'MentorSession' AND constraint_type = 'UNIQUE'

2025/11/03 13:18:31 [32m/Users/dmitrijfomin/Desktop/backend/internal/database/db.go:58
[0m[33m[31.127ms] [34;1m[rows:-][0m SELECT c.column_name, constraint_name, constraint_type FROM information_schema.table_constraints tc JOIN information_schema.constraint_column_usage AS ccu USING (constraint_schema, constraint_catalog, table_name, constraint_name) JOIN information_schema.columns AS c ON c.table_schema = tc.constraint_schema AND tc.table_name = c.table_name AND ccu.column_name = c.column_name WHERE constraint_type IN ('PRIMARY KEY', 'UNIQUE') AND c.table_catalog = 'neondb' AND c.table_schema = CURRENT_SCHEMA() AND c.table_name = 'MentorSession'

2025/11/03 13:18:31 [32m/Users/dmitrijfomin/Desktop/backend/internal/database/db.go:58
[0m[33m[32.872ms] [34;1m[rows:-][0m SELECT a.attname as column_name, format_type(a.atttypid, a.atttypmod) AS data_type
		FROM pg_attribute a JOIN pg_class b ON a.attrelid = b.oid AND relnamespace = (SELECT oid FROM pg_catalog.pg_namespace WHERE nspname = CURRENT_SCHEMA())
		WHERE a.attnum > 0 -- hide internal columns
		AND NOT a.attisdropped -- hide deleted columns
		AND b.relname = 'MentorSession'

2025/11/03 13:18:32 [32m/Users/dmitrijfomin/Desktop/backend/internal/database/db.go:58
[0m[33m[30.586ms] [34;1m[rows:0][0m SELECT description FROM pg_catalog.pg_description WHERE objsubid = (SELECT ordinal_position FROM information_schema.columns WHERE table_schema = CURRENT_SCHEMA() AND table_name = 'MentorSession' AND column_name = 'id') AND objoid = (SELECT oid FROM pg_catalog.pg_class WHERE relname = 'MentorSession' AND relnamespace = (SELECT oid FROM pg_catalog.pg_namespace WHERE nspname = CURRENT_SCHEMA()))

2025/11/03 13:18:32 [32m/Users/dmitrijfomin/Desktop/backend/internal/database/db.go:58
[0m[33m[31.291ms] [34;1m[rows:0][0m SELECT description FROM pg_catalog.pg_description WHERE objsubid = (SELECT ordinal_position FROM information_schema.columns WHERE table_schema = CURRENT_SCHEMA() AND table_name = 'MentorSession' AND column_name = 'user_id') AND objoid = (SELECT oid FROM pg_catalog.pg_class WHERE relname = 'MentorSession' AND relnamespace = (SELECT oid FROM pg_catalog.pg_namespace WHERE nspname = CURRENT_SCHEMA()))

2025/11/03 13:18:32 [32m/Users/dmitrijfomin/Desktop/backend/internal/database/db.go:58
[0m[33m[30.392ms] [34;1m[rows:0][0m SELECT description FROM pg_catalog.pg_description WHERE objsubid = (SELECT ordinal_position FROM information_schema.columns WHERE table_schema = CURRENT_SCHEMA() AND table_name = 'MentorSession' AND column_name = 'messages') AND objoid = (SELECT oid FROM pg_catalog.pg_class WHERE relname = 'MentorSession' AND relnamespace = (SELECT oid FROM pg_catalog.pg_namespace WHERE nspname = CURRENT_SCHEMA()))

2025/11/03 13:18:32 [32m/Users/dmitrijfomin/Desktop/backend/internal/database/db.go:58
[0m[33m[30.567ms] [34;1m[rows:0][0m SELECT description FROM pg_catalog.pg_description WHERE objsubid = (SELECT ordinal_position FROM information_schema.columns WHERE table_schema = CURRENT_SCHEMA() AND table_name = 'MentorSession' AND column_name = 'topic') AND objoid = (SELECT oid FROM pg_catalog.pg_class WHERE relname = 'MentorSession' AND relnamespace = (SELECT oid FROM pg_catalog.pg_namespace WHERE nspname = CURRENT_SCHEMA()))

2025/11/03 13:18:32 [32m/Users/dmitrijfomin/Desktop/backend/internal/database/db.go:58
[0m[33m[29.973ms] [34;1m[rows:0][0m SELECT description FROM pg_catalog.pg_description WHERE objsubid = (SELECT ordinal_position FROM information_schema.columns WHERE table_schema = CURRENT_SCHEMA() AND table_name = 'MentorSession' AND column_name = 'language') AND objoid = (SELECT oid FROM pg_catalog.pg_class WHERE relname = 'MentorSession' AND relnamespace = (SELECT oid FROM pg_catalog.pg_namespace WHERE nspname = CURRENT_SCHEMA()))

2025/11/03 13:18:32 [32m/Users/dmitrijfomin/Desktop/backend/internal/database/db.go:58
[0m[33m[31.233ms] [34;1m[rows:0][0m SELECT description FROM pg_catalog.pg_description WHERE objsubid = (SELECT ordinal_position FROM information_schema.columns WHERE table_schema = CURRENT_SCHEMA() AND table_name = 'MentorSession' AND column_name = 'started_at') AND objoid = (SELECT oid FROM pg_catalog.pg_class WHERE relname = 'MentorSession' AND relnamespace = (SELECT oid FROM pg_catalog.pg_namespace WHERE nspname = CURRENT_SCHEMA()))

2025/11/03 13:18:32 [32m/Users/dmitrijfomin/Desktop/backend/internal/database/db.go:58
[0m[33m[30.611ms] [34;1m[rows:0][0m SELECT description FROM pg_catalog.pg_description WHERE objsubid = (SELECT ordinal_position FROM information_schema.columns WHERE table_schema = CURRENT_SCHEMA() AND table_name = 'MentorSession' AND column_name = 'ended_at') AND objoid = (SELECT oid FROM pg_catalog.pg_class WHERE relname = 'MentorSession' AND relnamespace = (SELECT oid FROM pg_catalog.pg_namespace WHERE nspname = CURRENT_SCHEMA()))

2025/11/03 13:18:32 [32m/Users/dmitrijfomin/Desktop/backend/internal/database/db.go:58
[0m[33m[30.384ms] [34;1m[rows:1][0m SELECT count(*) FROM information_schema.tables WHERE table_schema = CURRENT_SCHEMA() AND table_name = 'MentorMessage' AND table_type = 'BASE TABLE'

2025/11/03 13:18:32 [32m/Users/dmitrijfomin/Desktop/backend/internal/database/db.go:58
[0m[33m[29.955ms] [34;1m[rows:1][0m SELECT CURRENT_DATABASE()

2025/11/03 13:18:32 [32m/Users/dmitrijfomin/Desktop/backend/internal/database/db.go:58
[0m[33m[31.564ms] [34;1m[rows:-][0m SELECT c.column_name, c.is_nullable = 'YES', c.udt_name, c.character_maximum_length, c.numeric_precision, c.numeric_precision_radix, c.numeric_scale, c.datetime_precision, 8 * typlen, c.column_default, pd.description, c.identity_increment FROM information_schema.columns AS c JOIN pg_type AS pgt ON c.udt_name = pgt.typname LEFT JOIN pg_catalog.pg_description as pd ON pd.objsubid = c.ordinal_position AND pd.objoid = (SELECT oid FROM pg_catalog.pg_class WHERE relname = c.table_name AND relnamespace = (SELECT oid FROM pg_catalog.pg_namespace WHERE nspname = c.table_schema)) where table_catalog = 'neondb' AND table_schema = CURRENT_SCHEMA() AND table_name = 'MentorMessage'

2025/11/03 13:18:32 [32m/Users/dmitrijfomin/Desktop/backend/internal/database/db.go:58
[0m[33m[30.403ms] [34;1m[rows:-][0m SELECT * FROM "MentorMessage" LIMIT 5

2025/11/03 13:18:32 [32m/Users/dmitrijfomin/Desktop/backend/internal/database/db.go:58
[0m[33m[30.850ms] [34;1m[rows:-][0m SELECT constraint_name FROM information_schema.table_constraints tc JOIN information_schema.constraint_column_usage AS ccu USING (constraint_schema, constraint_catalog, table_name, constraint_name) JOIN information_schema.columns AS c ON c.table_schema = tc.constraint_schema AND tc.table_name = c.table_name AND ccu.column_name = c.column_name WHERE constraint_type IN ('PRIMARY KEY', 'UNIQUE') AND c.table_catalog = 'neondb' AND c.table_schema = CURRENT_SCHEMA() AND c.table_name = 'MentorMessage' AND constraint_type = 'UNIQUE'

2025/11/03 13:18:32 [32m/Users/dmitrijfomin/Desktop/backend/internal/database/db.go:58
[0m[33m[33.726ms] [34;1m[rows:-][0m SELECT c.column_name, constraint_name, constraint_type FROM information_schema.table_constraints tc JOIN information_schema.constraint_column_usage AS ccu USING (constraint_schema, constraint_catalog, table_name, constraint_name) JOIN information_schema.columns AS c ON c.table_schema = tc.constraint_schema AND tc.table_name = c.table_name AND ccu.column_name = c.column_name WHERE constraint_type IN ('PRIMARY KEY', 'UNIQUE') AND c.table_catalog = 'neondb' AND c.table_schema = CURRENT_SCHEMA() AND c.table_name = 'MentorMessage'

2025/11/03 13:18:32 [32m/Users/dmitrijfomin/Desktop/backend/internal/database/db.go:58
[0m[33m[30.488ms] [34;1m[rows:-][0m SELECT a.attname as column_name, format_type(a.atttypid, a.atttypmod) AS data_type
		FROM pg_attribute a JOIN pg_class b ON a.attrelid = b.oid AND relnamespace = (SELECT oid FROM pg_catalog.pg_namespace WHERE nspname = CURRENT_SCHEMA())
		WHERE a.attnum > 0 -- hide internal columns
		AND NOT a.attisdropped -- hide deleted columns
		AND b.relname = 'MentorMessage'

2025/11/03 13:18:32 [32m/Users/dmitrijfomin/Desktop/backend/internal/database/db.go:58
[0m[33m[30.209ms] [34;1m[rows:0][0m SELECT description FROM pg_catalog.pg_description WHERE objsubid = (SELECT ordinal_position FROM information_schema.columns WHERE table_schema = CURRENT_SCHEMA() AND table_name = 'MentorMessage' AND column_name = 'id') AND objoid = (SELECT oid FROM pg_catalog.pg_class WHERE relname = 'MentorMessage' AND relnamespace = (SELECT oid FROM pg_catalog.pg_namespace WHERE nspname = CURRENT_SCHEMA()))

2025/11/03 13:18:32 [32m/Users/dmitrijfomin/Desktop/backend/internal/database/db.go:58
[0m[33m[30.721ms] [34;1m[rows:0][0m SELECT description FROM pg_catalog.pg_description WHERE objsubid = (SELECT ordinal_position FROM information_schema.columns WHERE table_schema = CURRENT_SCHEMA() AND table_name = 'MentorMessage' AND column_name = 'session_id') AND objoid = (SELECT oid FROM pg_catalog.pg_class WHERE relname = 'MentorMessage' AND relnamespace = (SELECT oid FROM pg_catalog.pg_namespace WHERE nspname = CURRENT_SCHEMA()))

2025/11/03 13:18:32 [32m/Users/dmitrijfomin/Desktop/backend/internal/database/db.go:58
[0m[33m[30.450ms] [34;1m[rows:0][0m SELECT description FROM pg_catalog.pg_description WHERE objsubid = (SELECT ordinal_position FROM information_schema.columns WHERE table_schema = CURRENT_SCHEMA() AND table_name = 'MentorMessage' AND column_name = 'role') AND objoid = (SELECT oid FROM pg_catalog.pg_class WHERE relname = 'MentorMessage' AND relnamespace = (SELECT oid FROM pg_catalog.pg_namespace WHERE nspname = CURRENT_SCHEMA()))

2025/11/03 13:18:32 [32m/Users/dmitrijfomin/Desktop/backend/internal/database/db.go:58
[0m[33m[30.401ms] [34;1m[rows:0][0m SELECT description FROM pg_catalog.pg_description WHERE objsubid = (SELECT ordinal_position FROM information_schema.columns WHERE table_schema = CURRENT_SCHEMA() AND table_name = 'MentorMessage' AND column_name = 'content') AND objoid = (SELECT oid FROM pg_catalog.pg_class WHERE relname = 'MentorMessage' AND relnamespace = (SELECT oid FROM pg_catalog.pg_namespace WHERE nspname = CURRENT_SCHEMA()))

2025/11/03 13:18:32 [32m/Users/dmitrijfomin/Desktop/backend/internal/database/db.go:58
[0m[33m[30.256ms] [34;1m[rows:0][0m SELECT description FROM pg_catalog.pg_description WHERE objsubid = (SELECT ordinal_position FROM information_schema.columns WHERE table_schema = CURRENT_SCHEMA() AND table_name = 'MentorMessage' AND column_name = 'created_at') AND objoid = (SELECT oid FROM pg_catalog.pg_class WHERE relname = 'MentorMessage' AND relnamespace = (SELECT oid FROM pg_catalog.pg_namespace WHERE nspname = CURRENT_SCHEMA()))

2025/11/03 13:18:32 [32m/Users/dmitrijfomin/Desktop/backend/internal/database/db.go:58
[0m[33m[30.002ms] [34;1m[rows:1][0m SELECT count(*) FROM information_schema.tables WHERE table_schema = CURRENT_SCHEMA() AND table_name = 'Achievement' AND table_type = 'BASE TABLE'

2025/11/03 13:18:32 [32m/Users/dmitrijfomin/Desktop/backend/internal/database/db.go:58
[0m[33m[31.696ms] [34;1m[rows:1][0m SELECT CURRENT_DATABASE()

2025/11/03 13:18:32 [32m/Users/dmitrijfomin/Desktop/backend/internal/database/db.go:58
[0m[33m[31.475ms] [34;1m[rows:-][0m SELECT c.column_name, c.is_nullable = 'YES', c.udt_name, c.character_maximum_length, c.numeric_precision, c.numeric_precision_radix, c.numeric_scale, c.datetime_precision, 8 * typlen, c.column_default, pd.description, c.identity_increment FROM information_schema.columns AS c JOIN pg_type AS pgt ON c.udt_name = pgt.typname LEFT JOIN pg_catalog.pg_description as pd ON pd.objsubid = c.ordinal_position AND pd.objoid = (SELECT oid FROM pg_catalog.pg_class WHERE relname = c.table_name AND relnamespace = (SELECT oid FROM pg_catalog.pg_namespace WHERE nspname = c.table_schema)) where table_catalog = 'neondb' AND table_schema = CURRENT_SCHEMA() AND table_name = 'Achievement'

2025/11/03 13:18:32 [32m/Users/dmitrijfomin/Desktop/backend/internal/database/db.go:58
[0m[33m[30.437ms] [34;1m[rows:-][0m SELECT * FROM "Achievement" LIMIT 5

2025/11/03 13:18:32 [32m/Users/dmitrijfomin/Desktop/backend/internal/database/db.go:58
[0m[33m[30.550ms] [34;1m[rows:-][0m SELECT constraint_name FROM information_schema.table_constraints tc JOIN information_schema.constraint_column_usage AS ccu USING (constraint_schema, constraint_catalog, table_name, constraint_name) JOIN information_schema.columns AS c ON c.table_schema = tc.constraint_schema AND tc.table_name = c.table_name AND ccu.column_name = c.column_name WHERE constraint_type IN ('PRIMARY KEY', 'UNIQUE') AND c.table_catalog = 'neondb' AND c.table_schema = CURRENT_SCHEMA() AND c.table_name = 'Achievement' AND constraint_type = 'UNIQUE'

2025/11/03 13:18:32 [32m/Users/dmitrijfomin/Desktop/backend/internal/database/db.go:58
[0m[33m[30.602ms] [34;1m[rows:-][0m SELECT c.column_name, constraint_name, constraint_type FROM information_schema.table_constraints tc JOIN information_schema.constraint_column_usage AS ccu USING (constraint_schema, constraint_catalog, table_name, constraint_name) JOIN information_schema.columns AS c ON c.table_schema = tc.constraint_schema AND tc.table_name = c.table_name AND ccu.column_name = c.column_name WHERE constraint_type IN ('PRIMARY KEY', 'UNIQUE') AND c.table_catalog = 'neondb' AND c.table_schema = CURRENT_SCHEMA() AND c.table_name = 'Achievement'

2025/11/03 13:18:32 [32m/Users/dmitrijfomin/Desktop/backend/internal/database/db.go:58
[0m[33m[31.412ms] [34;1m[rows:-][0m SELECT a.attname as column_name, format_type(a.atttypid, a.atttypmod) AS data_type
		FROM pg_attribute a JOIN pg_class b ON a.attrelid = b.oid AND relnamespace = (SELECT oid FROM pg_catalog.pg_namespace WHERE nspname = CURRENT_SCHEMA())
		WHERE a.attnum > 0 -- hide internal columns
		AND NOT a.attisdropped -- hide deleted columns
		AND b.relname = 'Achievement'

2025/11/03 13:18:32 [32m/Users/dmitrijfomin/Desktop/backend/internal/database/db.go:58
[0m[33m[30.258ms] [34;1m[rows:0][0m SELECT description FROM pg_catalog.pg_description WHERE objsubid = (SELECT ordinal_position FROM information_schema.columns WHERE table_schema = CURRENT_SCHEMA() AND table_name = 'Achievement' AND column_name = 'id') AND objoid = (SELECT oid FROM pg_catalog.pg_class WHERE relname = 'Achievement' AND relnamespace = (SELECT oid FROM pg_catalog.pg_namespace WHERE nspname = CURRENT_SCHEMA()))

2025/11/03 13:18:32 [32m/Users/dmitrijfomin/Desktop/backend/internal/database/db.go:58
[0m[33m[29.486ms] [34;1m[rows:0][0m SELECT description FROM pg_catalog.pg_description WHERE objsubid = (SELECT ordinal_position FROM information_schema.columns WHERE table_schema = CURRENT_SCHEMA() AND table_name = 'Achievement' AND column_name = 'code') AND objoid = (SELECT oid FROM pg_catalog.pg_class WHERE relname = 'Achievement' AND relnamespace = (SELECT oid FROM pg_catalog.pg_namespace WHERE nspname = CURRENT_SCHEMA()))

2025/11/03 13:18:32 [32m/Users/dmitrijfomin/Desktop/backend/internal/database/db.go:58
[0m[33m[30.591ms] [34;1m[rows:0][0m SELECT description FROM pg_catalog.pg_description WHERE objsubid = (SELECT ordinal_position FROM information_schema.columns WHERE table_schema = CURRENT_SCHEMA() AND table_name = 'Achievement' AND column_name = 'title') AND objoid = (SELECT oid FROM pg_catalog.pg_class WHERE relname = 'Achievement' AND relnamespace = (SELECT oid FROM pg_catalog.pg_namespace WHERE nspname = CURRENT_SCHEMA()))

2025/11/03 13:18:32 [32m/Users/dmitrijfomin/Desktop/backend/internal/database/db.go:58
[0m[33m[31.427ms] [34;1m[rows:0][0m SELECT description FROM pg_catalog.pg_description WHERE objsubid = (SELECT ordinal_position FROM information_schema.columns WHERE table_schema = CURRENT_SCHEMA() AND table_name = 'Achievement' AND column_name = 'description') AND objoid = (SELECT oid FROM pg_catalog.pg_class WHERE relname = 'Achievement' AND relnamespace = (SELECT oid FROM pg_catalog.pg_namespace WHERE nspname = CURRENT_SCHEMA()))

2025/11/03 13:18:32 [32m/Users/dmitrijfomin/Desktop/backend/internal/database/db.go:58
[0m[33m[35.712ms] [34;1m[rows:0][0m SELECT description FROM pg_catalog.pg_description WHERE objsubid = (SELECT ordinal_position FROM information_schema.columns WHERE table_schema = CURRENT_SCHEMA() AND table_name = 'Achievement' AND column_name = 'icon_url') AND objoid = (SELECT oid FROM pg_catalog.pg_class WHERE relname = 'Achievement' AND relnamespace = (SELECT oid FROM pg_catalog.pg_namespace WHERE nspname = CURRENT_SCHEMA()))

2025/11/03 13:18:32 [32m/Users/dmitrijfomin/Desktop/backend/internal/database/db.go:58
[0m[33m[30.393ms] [34;1m[rows:0][0m SELECT description FROM pg_catalog.pg_description WHERE objsubid = (SELECT ordinal_position FROM information_schema.columns WHERE table_schema = CURRENT_SCHEMA() AND table_name = 'Achievement' AND column_name = 'category') AND objoid = (SELECT oid FROM pg_catalog.pg_class WHERE relname = 'Achievement' AND relnamespace = (SELECT oid FROM pg_catalog.pg_namespace WHERE nspname = CURRENT_SCHEMA()))

2025/11/03 13:18:33 [32m/Users/dmitrijfomin/Desktop/backend/internal/database/db.go:58
[0m[33m[30.292ms] [34;1m[rows:0][0m SELECT description FROM pg_catalog.pg_description WHERE objsubid = (SELECT ordinal_position FROM information_schema.columns WHERE table_schema = CURRENT_SCHEMA() AND table_name = 'Achievement' AND column_name = 'requirement') AND objoid = (SELECT oid FROM pg_catalog.pg_class WHERE relname = 'Achievement' AND relnamespace = (SELECT oid FROM pg_catalog.pg_namespace WHERE nspname = CURRENT_SCHEMA()))

2025/11/03 13:18:33 [32m/Users/dmitrijfomin/Desktop/backend/internal/database/db.go:58
[0m[33m[29.902ms] [34;1m[rows:0][0m SELECT description FROM pg_catalog.pg_description WHERE objsubid = (SELECT ordinal_position FROM information_schema.columns WHERE table_schema = CURRENT_SCHEMA() AND table_name = 'Achievement' AND column_name = 'created_at') AND objoid = (SELECT oid FROM pg_catalog.pg_class WHERE relname = 'Achievement' AND relnamespace = (SELECT oid FROM pg_catalog.pg_namespace WHERE nspname = CURRENT_SCHEMA()))

2025/11/03 13:18:33 [32m/Users/dmitrijfomin/Desktop/backend/internal/database/db.go:58
[0m[33m[30.250ms] [34;1m[rows:1][0m SELECT count(*) FROM information_schema.tables WHERE table_schema = CURRENT_SCHEMA() AND table_name = 'UserAchievement' AND table_type = 'BASE TABLE'

2025/11/03 13:18:33 [32m/Users/dmitrijfomin/Desktop/backend/internal/database/db.go:58
[0m[33m[30.314ms] [34;1m[rows:1][0m SELECT CURRENT_DATABASE()

2025/11/03 13:18:33 [32m/Users/dmitrijfomin/Desktop/backend/internal/database/db.go:58
[0m[33m[33.482ms] [34;1m[rows:-][0m SELECT c.column_name, c.is_nullable = 'YES', c.udt_name, c.character_maximum_length, c.numeric_precision, c.numeric_precision_radix, c.numeric_scale, c.datetime_precision, 8 * typlen, c.column_default, pd.description, c.identity_increment FROM information_schema.columns AS c JOIN pg_type AS pgt ON c.udt_name = pgt.typname LEFT JOIN pg_catalog.pg_description as pd ON pd.objsubid = c.ordinal_position AND pd.objoid = (SELECT oid FROM pg_catalog.pg_class WHERE relname = c.table_name AND relnamespace = (SELECT oid FROM pg_catalog.pg_namespace WHERE nspname = c.table_schema)) where table_catalog = 'neondb' AND table_schema = CURRENT_SCHEMA() AND table_name = 'UserAchievement'

2025/11/03 13:18:33 [32m/Users/dmitrijfomin/Desktop/backend/internal/database/db.go:58
[0m[33m[29.782ms] [34;1m[rows:-][0m SELECT * FROM "UserAchievement" LIMIT 5

2025/11/03 13:18:33 [32m/Users/dmitrijfomin/Desktop/backend/internal/database/db.go:58
[0m[33m[31.179ms] [34;1m[rows:-][0m SELECT constraint_name FROM information_schema.table_constraints tc JOIN information_schema.constraint_column_usage AS ccu USING (constraint_schema, constraint_catalog, table_name, constraint_name) JOIN information_schema.columns AS c ON c.table_schema = tc.constraint_schema AND tc.table_name = c.table_name AND ccu.column_name = c.column_name WHERE constraint_type IN ('PRIMARY KEY', 'UNIQUE') AND c.table_catalog = 'neondb' AND c.table_schema = CURRENT_SCHEMA() AND c.table_name = 'UserAchievement' AND constraint_type = 'UNIQUE'

2025/11/03 13:18:33 [32m/Users/dmitrijfomin/Desktop/backend/internal/database/db.go:58
[0m[33m[30.674ms] [34;1m[rows:-][0m SELECT c.column_name, constraint_name, constraint_type FROM information_schema.table_constraints tc JOIN information_schema.constraint_column_usage AS ccu USING (constraint_schema, constraint_catalog, table_name, constraint_name) JOIN information_schema.columns AS c ON c.table_schema = tc.constraint_schema AND tc.table_name = c.table_name AND ccu.column_name = c.column_name WHERE constraint_type IN ('PRIMARY KEY', 'UNIQUE') AND c.table_catalog = 'neondb' AND c.table_schema = CURRENT_SCHEMA() AND c.table_name = 'UserAchievement'

2025/11/03 13:18:33 [32m/Users/dmitrijfomin/Desktop/backend/internal/database/db.go:58
[0m[33m[30.441ms] [34;1m[rows:-][0m SELECT a.attname as column_name, format_type(a.atttypid, a.atttypmod) AS data_type
		FROM pg_attribute a JOIN pg_class b ON a.attrelid = b.oid AND relnamespace = (SELECT oid FROM pg_catalog.pg_namespace WHERE nspname = CURRENT_SCHEMA())
		WHERE a.attnum > 0 -- hide internal columns
		AND NOT a.attisdropped -- hide deleted columns
		AND b.relname = 'UserAchievement'

2025/11/03 13:18:33 [32m/Users/dmitrijfomin/Desktop/backend/internal/database/db.go:58
[0m[33m[30.823ms] [34;1m[rows:0][0m SELECT description FROM pg_catalog.pg_description WHERE objsubid = (SELECT ordinal_position FROM information_schema.columns WHERE table_schema = CURRENT_SCHEMA() AND table_name = 'UserAchievement' AND column_name = 'id') AND objoid = (SELECT oid FROM pg_catalog.pg_class WHERE relname = 'UserAchievement' AND relnamespace = (SELECT oid FROM pg_catalog.pg_namespace WHERE nspname = CURRENT_SCHEMA()))

2025/11/03 13:18:33 [32m/Users/dmitrijfomin/Desktop/backend/internal/database/db.go:58
[0m[33m[33.267ms] [34;1m[rows:0][0m SELECT description FROM pg_catalog.pg_description WHERE objsubid = (SELECT ordinal_position FROM information_schema.columns WHERE table_schema = CURRENT_SCHEMA() AND table_name = 'UserAchievement' AND column_name = 'user_id') AND objoid = (SELECT oid FROM pg_catalog.pg_class WHERE relname = 'UserAchievement' AND relnamespace = (SELECT oid FROM pg_catalog.pg_namespace WHERE nspname = CURRENT_SCHEMA()))

2025/11/03 13:18:33 [32m/Users/dmitrijfomin/Desktop/backend/internal/database/db.go:58
[0m[33m[29.936ms] [34;1m[rows:0][0m SELECT description FROM pg_catalog.pg_description WHERE objsubid = (SELECT ordinal_position FROM information_schema.columns WHERE table_schema = CURRENT_SCHEMA() AND table_name = 'UserAchievement' AND column_name = 'achievement_id') AND objoid = (SELECT oid FROM pg_catalog.pg_class WHERE relname = 'UserAchievement' AND relnamespace = (SELECT oid FROM pg_catalog.pg_namespace WHERE nspname = CURRENT_SCHEMA()))

2025/11/03 13:18:33 [32m/Users/dmitrijfomin/Desktop/backend/internal/database/db.go:58
[0m[33m[30.663ms] [34;1m[rows:0][0m SELECT description FROM pg_catalog.pg_description WHERE objsubid = (SELECT ordinal_position FROM information_schema.columns WHERE table_schema = CURRENT_SCHEMA() AND table_name = 'UserAchievement' AND column_name = 'unlocked_at') AND objoid = (SELECT oid FROM pg_catalog.pg_class WHERE relname = 'UserAchievement' AND relnamespace = (SELECT oid FROM pg_catalog.pg_namespace WHERE nspname = CURRENT_SCHEMA()))

2025/11/03 13:18:33 [32m/Users/dmitrijfomin/Desktop/backend/internal/database/db.go:58
[0m[33m[30.410ms] [34;1m[rows:1][0m SELECT count(*) FROM information_schema.tables WHERE table_schema = CURRENT_SCHEMA() AND table_name = 'RecipePurchase' AND table_type = 'BASE TABLE'

2025/11/03 13:18:33 [32m/Users/dmitrijfomin/Desktop/backend/internal/database/db.go:58
[0m[33m[34.909ms] [34;1m[rows:1][0m SELECT CURRENT_DATABASE()

2025/11/03 13:18:33 [32m/Users/dmitrijfomin/Desktop/backend/internal/database/db.go:58
[0m[33m[33.056ms] [34;1m[rows:-][0m SELECT c.column_name, c.is_nullable = 'YES', c.udt_name, c.character_maximum_length, c.numeric_precision, c.numeric_precision_radix, c.numeric_scale, c.datetime_precision, 8 * typlen, c.column_default, pd.description, c.identity_increment FROM information_schema.columns AS c JOIN pg_type AS pgt ON c.udt_name = pgt.typname LEFT JOIN pg_catalog.pg_description as pd ON pd.objsubid = c.ordinal_position AND pd.objoid = (SELECT oid FROM pg_catalog.pg_class WHERE relname = c.table_name AND relnamespace = (SELECT oid FROM pg_catalog.pg_namespace WHERE nspname = c.table_schema)) where table_catalog = 'neondb' AND table_schema = CURRENT_SCHEMA() AND table_name = 'RecipePurchase'

2025/11/03 13:18:33 [32m/Users/dmitrijfomin/Desktop/backend/internal/database/db.go:58
[0m[33m[30.351ms] [34;1m[rows:-][0m SELECT * FROM "RecipePurchase" LIMIT 5

2025/11/03 13:18:33 [32m/Users/dmitrijfomin/Desktop/backend/internal/database/db.go:58
[0m[33m[31.021ms] [34;1m[rows:-][0m SELECT constraint_name FROM information_schema.table_constraints tc JOIN information_schema.constraint_column_usage AS ccu USING (constraint_schema, constraint_catalog, table_name, constraint_name) JOIN information_schema.columns AS c ON c.table_schema = tc.constraint_schema AND tc.table_name = c.table_name AND ccu.column_name = c.column_name WHERE constraint_type IN ('PRIMARY KEY', 'UNIQUE') AND c.table_catalog = 'neondb' AND c.table_schema = CURRENT_SCHEMA() AND c.table_name = 'RecipePurchase' AND constraint_type = 'UNIQUE'

2025/11/03 13:18:33 [32m/Users/dmitrijfomin/Desktop/backend/internal/database/db.go:58
[0m[33m[30.881ms] [34;1m[rows:-][0m SELECT c.column_name, constraint_name, constraint_type FROM information_schema.table_constraints tc JOIN information_schema.constraint_column_usage AS ccu USING (constraint_schema, constraint_catalog, table_name, constraint_name) JOIN information_schema.columns AS c ON c.table_schema = tc.constraint_schema AND tc.table_name = c.table_name AND ccu.column_name = c.column_name WHERE constraint_type IN ('PRIMARY KEY', 'UNIQUE') AND c.table_catalog = 'neondb' AND c.table_schema = CURRENT_SCHEMA() AND c.table_name = 'RecipePurchase'

2025/11/03 13:18:33 [32m/Users/dmitrijfomin/Desktop/backend/internal/database/db.go:58
[0m[33m[30.406ms] [34;1m[rows:-][0m SELECT a.attname as column_name, format_type(a.atttypid, a.atttypmod) AS data_type
		FROM pg_attribute a JOIN pg_class b ON a.attrelid = b.oid AND relnamespace = (SELECT oid FROM pg_catalog.pg_namespace WHERE nspname = CURRENT_SCHEMA())
		WHERE a.attnum > 0 -- hide internal columns
		AND NOT a.attisdropped -- hide deleted columns
		AND b.relname = 'RecipePurchase'

2025/11/03 13:18:33 [32m/Users/dmitrijfomin/Desktop/backend/internal/database/db.go:58
[0m[33m[30.182ms] [34;1m[rows:0][0m SELECT description FROM pg_catalog.pg_description WHERE objsubid = (SELECT ordinal_position FROM information_schema.columns WHERE table_schema = CURRENT_SCHEMA() AND table_name = 'RecipePurchase' AND column_name = 'id') AND objoid = (SELECT oid FROM pg_catalog.pg_class WHERE relname = 'RecipePurchase' AND relnamespace = (SELECT oid FROM pg_catalog.pg_namespace WHERE nspname = CURRENT_SCHEMA()))

2025/11/03 13:18:33 [32m/Users/dmitrijfomin/Desktop/backend/internal/database/db.go:58
[0m[33m[30.518ms] [34;1m[rows:0][0m SELECT description FROM pg_catalog.pg_description WHERE objsubid = (SELECT ordinal_position FROM information_schema.columns WHERE table_schema = CURRENT_SCHEMA() AND table_name = 'RecipePurchase' AND column_name = 'recipe_id') AND objoid = (SELECT oid FROM pg_catalog.pg_class WHERE relname = 'RecipePurchase' AND relnamespace = (SELECT oid FROM pg_catalog.pg_namespace WHERE nspname = CURRENT_SCHEMA()))

2025/11/03 13:18:33 [32m/Users/dmitrijfomin/Desktop/backend/internal/database/db.go:58
[0m[33m[30.160ms] [34;1m[rows:0][0m SELECT description FROM pg_catalog.pg_description WHERE objsubid = (SELECT ordinal_position FROM information_schema.columns WHERE table_schema = CURRENT_SCHEMA() AND table_name = 'RecipePurchase' AND column_name = 'buyer_id') AND objoid = (SELECT oid FROM pg_catalog.pg_class WHERE relname = 'RecipePurchase' AND relnamespace = (SELECT oid FROM pg_catalog.pg_namespace WHERE nspname = CURRENT_SCHEMA()))

2025/11/03 13:18:33 [32m/Users/dmitrijfomin/Desktop/backend/internal/database/db.go:58
[0m[33m[34.357ms] [34;1m[rows:0][0m SELECT description FROM pg_catalog.pg_description WHERE objsubid = (SELECT ordinal_position FROM information_schema.columns WHERE table_schema = CURRENT_SCHEMA() AND table_name = 'RecipePurchase' AND column_name = 'seller_id') AND objoid = (SELECT oid FROM pg_catalog.pg_class WHERE relname = 'RecipePurchase' AND relnamespace = (SELECT oid FROM pg_catalog.pg_namespace WHERE nspname = CURRENT_SCHEMA()))

2025/11/03 13:18:33 [32m/Users/dmitrijfomin/Desktop/backend/internal/database/db.go:58
[0m[33m[30.368ms] [34;1m[rows:0][0m SELECT description FROM pg_catalog.pg_description WHERE objsubid = (SELECT ordinal_position FROM information_schema.columns WHERE table_schema = CURRENT_SCHEMA() AND table_name = 'RecipePurchase' AND column_name = 'price') AND objoid = (SELECT oid FROM pg_catalog.pg_class WHERE relname = 'RecipePurchase' AND relnamespace = (SELECT oid FROM pg_catalog.pg_namespace WHERE nspname = CURRENT_SCHEMA()))

2025/11/03 13:18:33 [32m/Users/dmitrijfomin/Desktop/backend/internal/database/db.go:58
[0m[33m[31.098ms] [34;1m[rows:0][0m SELECT description FROM pg_catalog.pg_description WHERE objsubid = (SELECT ordinal_position FROM information_schema.columns WHERE table_schema = CURRENT_SCHEMA() AND table_name = 'RecipePurchase' AND column_name = 'commission') AND objoid = (SELECT oid FROM pg_catalog.pg_class WHERE relname = 'RecipePurchase' AND relnamespace = (SELECT oid FROM pg_catalog.pg_namespace WHERE nspname = CURRENT_SCHEMA()))

2025/11/03 13:18:33 [32m/Users/dmitrijfomin/Desktop/backend/internal/database/db.go:58
[0m[33m[46.046ms] [34;1m[rows:0][0m SELECT description FROM pg_catalog.pg_description WHERE objsubid = (SELECT ordinal_position FROM information_schema.columns WHERE table_schema = CURRENT_SCHEMA() AND table_name = 'RecipePurchase' AND column_name = 'net_amount') AND objoid = (SELECT oid FROM pg_catalog.pg_class WHERE relname = 'RecipePurchase' AND relnamespace = (SELECT oid FROM pg_catalog.pg_namespace WHERE nspname = CURRENT_SCHEMA()))

2025/11/03 13:18:33 [32m/Users/dmitrijfomin/Desktop/backend/internal/database/db.go:58
[0m[33m[32.259ms] [34;1m[rows:0][0m SELECT description FROM pg_catalog.pg_description WHERE objsubid = (SELECT ordinal_position FROM information_schema.columns WHERE table_schema = CURRENT_SCHEMA() AND table_name = 'RecipePurchase' AND column_name = 'created_at') AND objoid = (SELECT oid FROM pg_catalog.pg_class WHERE relname = 'RecipePurchase' AND relnamespace = (SELECT oid FROM pg_catalog.pg_namespace WHERE nspname = CURRENT_SCHEMA()))

2025/11/03 13:18:33 [32m/Users/dmitrijfomin/Desktop/backend/internal/database/db.go:58
[0m[33m[31.856ms] [34;1m[rows:1][0m SELECT count(*) FROM INFORMATION_SCHEMA.table_constraints WHERE table_schema = CURRENT_SCHEMA() AND table_name = 'RecipePurchase' AND constraint_name = 'fk_RecipePurchase_recipe'

2025/11/03 13:18:33 [32m/Users/dmitrijfomin/Desktop/backend/internal/database/db.go:58
[0m[33m[32.142ms] [34;1m[rows:1][0m SELECT count(*) FROM INFORMATION_SCHEMA.table_constraints WHERE table_schema = CURRENT_SCHEMA() AND table_name = 'RecipePurchase' AND constraint_name = 'fk_RecipePurchase_buyer'

2025/11/03 13:18:33 [32m/Users/dmitrijfomin/Desktop/backend/internal/database/db.go:58
[0m[33m[30.163ms] [34;1m[rows:1][0m SELECT count(*) FROM INFORMATION_SCHEMA.table_constraints WHERE table_schema = CURRENT_SCHEMA() AND table_name = 'RecipePurchase' AND constraint_name = 'fk_RecipePurchase_seller'

2025/11/03 13:18:34 [32m/Users/dmitrijfomin/Desktop/backend/internal/database/db.go:58
[0m[33m[30.137ms] [34;1m[rows:1][0m SELECT count(*) FROM information_schema.tables WHERE table_schema = CURRENT_SCHEMA() AND table_name = 'RecipeReview' AND table_type = 'BASE TABLE'

2025/11/03 13:18:34 [32m/Users/dmitrijfomin/Desktop/backend/internal/database/db.go:58
[0m[33m[30.813ms] [34;1m[rows:1][0m SELECT CURRENT_DATABASE()

2025/11/03 13:18:34 [32m/Users/dmitrijfomin/Desktop/backend/internal/database/db.go:58
[0m[33m[32.110ms] [34;1m[rows:-][0m SELECT c.column_name, c.is_nullable = 'YES', c.udt_name, c.character_maximum_length, c.numeric_precision, c.numeric_precision_radix, c.numeric_scale, c.datetime_precision, 8 * typlen, c.column_default, pd.description, c.identity_increment FROM information_schema.columns AS c JOIN pg_type AS pgt ON c.udt_name = pgt.typname LEFT JOIN pg_catalog.pg_description as pd ON pd.objsubid = c.ordinal_position AND pd.objoid = (SELECT oid FROM pg_catalog.pg_class WHERE relname = c.table_name AND relnamespace = (SELECT oid FROM pg_catalog.pg_namespace WHERE nspname = c.table_schema)) where table_catalog = 'neondb' AND table_schema = CURRENT_SCHEMA() AND table_name = 'RecipeReview'

2025/11/03 13:18:34 [32m/Users/dmitrijfomin/Desktop/backend/internal/database/db.go:58
[0m[33m[29.791ms] [34;1m[rows:-][0m SELECT * FROM "RecipeReview" LIMIT 5

2025/11/03 13:18:34 [32m/Users/dmitrijfomin/Desktop/backend/internal/database/db.go:58
[0m[33m[30.898ms] [34;1m[rows:-][0m SELECT constraint_name FROM information_schema.table_constraints tc JOIN information_schema.constraint_column_usage AS ccu USING (constraint_schema, constraint_catalog, table_name, constraint_name) JOIN information_schema.columns AS c ON c.table_schema = tc.constraint_schema AND tc.table_name = c.table_name AND ccu.column_name = c.column_name WHERE constraint_type IN ('PRIMARY KEY', 'UNIQUE') AND c.table_catalog = 'neondb' AND c.table_schema = CURRENT_SCHEMA() AND c.table_name = 'RecipeReview' AND constraint_type = 'UNIQUE'

2025/11/03 13:18:34 [32m/Users/dmitrijfomin/Desktop/backend/internal/database/db.go:58
[0m[33m[30.970ms] [34;1m[rows:-][0m SELECT c.column_name, constraint_name, constraint_type FROM information_schema.table_constraints tc JOIN information_schema.constraint_column_usage AS ccu USING (constraint_schema, constraint_catalog, table_name, constraint_name) JOIN information_schema.columns AS c ON c.table_schema = tc.constraint_schema AND tc.table_name = c.table_name AND ccu.column_name = c.column_name WHERE constraint_type IN ('PRIMARY KEY', 'UNIQUE') AND c.table_catalog = 'neondb' AND c.table_schema = CURRENT_SCHEMA() AND c.table_name = 'RecipeReview'

2025/11/03 13:18:34 [32m/Users/dmitrijfomin/Desktop/backend/internal/database/db.go:58
[0m[33m[30.164ms] [34;1m[rows:-][0m SELECT a.attname as column_name, format_type(a.atttypid, a.atttypmod) AS data_type
		FROM pg_attribute a JOIN pg_class b ON a.attrelid = b.oid AND relnamespace = (SELECT oid FROM pg_catalog.pg_namespace WHERE nspname = CURRENT_SCHEMA())
		WHERE a.attnum > 0 -- hide internal columns
		AND NOT a.attisdropped -- hide deleted columns
		AND b.relname = 'RecipeReview'

2025/11/03 13:18:34 [32m/Users/dmitrijfomin/Desktop/backend/internal/database/db.go:58
[0m[33m[30.295ms] [34;1m[rows:0][0m SELECT description FROM pg_catalog.pg_description WHERE objsubid = (SELECT ordinal_position FROM information_schema.columns WHERE table_schema = CURRENT_SCHEMA() AND table_name = 'RecipeReview' AND column_name = 'id') AND objoid = (SELECT oid FROM pg_catalog.pg_class WHERE relname = 'RecipeReview' AND relnamespace = (SELECT oid FROM pg_catalog.pg_namespace WHERE nspname = CURRENT_SCHEMA()))

2025/11/03 13:18:34 [32m/Users/dmitrijfomin/Desktop/backend/internal/database/db.go:58
[0m[33m[31.145ms] [34;1m[rows:0][0m SELECT description FROM pg_catalog.pg_description WHERE objsubid = (SELECT ordinal_position FROM information_schema.columns WHERE table_schema = CURRENT_SCHEMA() AND table_name = 'RecipeReview' AND column_name = 'recipe_id') AND objoid = (SELECT oid FROM pg_catalog.pg_class WHERE relname = 'RecipeReview' AND relnamespace = (SELECT oid FROM pg_catalog.pg_namespace WHERE nspname = CURRENT_SCHEMA()))

2025/11/03 13:18:34 [32m/Users/dmitrijfomin/Desktop/backend/internal/database/db.go:58
[0m[33m[30.331ms] [34;1m[rows:0][0m SELECT description FROM pg_catalog.pg_description WHERE objsubid = (SELECT ordinal_position FROM information_schema.columns WHERE table_schema = CURRENT_SCHEMA() AND table_name = 'RecipeReview' AND column_name = 'user_id') AND objoid = (SELECT oid FROM pg_catalog.pg_class WHERE relname = 'RecipeReview' AND relnamespace = (SELECT oid FROM pg_catalog.pg_namespace WHERE nspname = CURRENT_SCHEMA()))

2025/11/03 13:18:34 [32m/Users/dmitrijfomin/Desktop/backend/internal/database/db.go:58
[0m[33m[30.288ms] [34;1m[rows:0][0m SELECT description FROM pg_catalog.pg_description WHERE objsubid = (SELECT ordinal_position FROM information_schema.columns WHERE table_schema = CURRENT_SCHEMA() AND table_name = 'RecipeReview' AND column_name = 'rating') AND objoid = (SELECT oid FROM pg_catalog.pg_class WHERE relname = 'RecipeReview' AND relnamespace = (SELECT oid FROM pg_catalog.pg_namespace WHERE nspname = CURRENT_SCHEMA()))

2025/11/03 13:18:34 [32m/Users/dmitrijfomin/Desktop/backend/internal/database/db.go:58
[0m[33m[30.199ms] [34;1m[rows:0][0m SELECT description FROM pg_catalog.pg_description WHERE objsubid = (SELECT ordinal_position FROM information_schema.columns WHERE table_schema = CURRENT_SCHEMA() AND table_name = 'RecipeReview' AND column_name = 'comment') AND objoid = (SELECT oid FROM pg_catalog.pg_class WHERE relname = 'RecipeReview' AND relnamespace = (SELECT oid FROM pg_catalog.pg_namespace WHERE nspname = CURRENT_SCHEMA()))

2025/11/03 13:18:34 [32m/Users/dmitrijfomin/Desktop/backend/internal/database/db.go:58
[0m[33m[35.127ms] [34;1m[rows:0][0m SELECT description FROM pg_catalog.pg_description WHERE objsubid = (SELECT ordinal_position FROM information_schema.columns WHERE table_schema = CURRENT_SCHEMA() AND table_name = 'RecipeReview' AND column_name = 'would_buy_again') AND objoid = (SELECT oid FROM pg_catalog.pg_class WHERE relname = 'RecipeReview' AND relnamespace = (SELECT oid FROM pg_catalog.pg_namespace WHERE nspname = CURRENT_SCHEMA()))

2025/11/03 13:18:34 [32m/Users/dmitrijfomin/Desktop/backend/internal/database/db.go:58
[0m[33m[31.718ms] [34;1m[rows:0][0m SELECT description FROM pg_catalog.pg_description WHERE objsubid = (SELECT ordinal_position FROM information_schema.columns WHERE table_schema = CURRENT_SCHEMA() AND table_name = 'RecipeReview' AND column_name = 'created_at') AND objoid = (SELECT oid FROM pg_catalog.pg_class WHERE relname = 'RecipeReview' AND relnamespace = (SELECT oid FROM pg_catalog.pg_namespace WHERE nspname = CURRENT_SCHEMA()))

2025/11/03 13:18:34 [32m/Users/dmitrijfomin/Desktop/backend/internal/database/db.go:58
[0m[33m[31.229ms] [34;1m[rows:0][0m SELECT description FROM pg_catalog.pg_description WHERE objsubid = (SELECT ordinal_position FROM information_schema.columns WHERE table_schema = CURRENT_SCHEMA() AND table_name = 'RecipeReview' AND column_name = 'updated_at') AND objoid = (SELECT oid FROM pg_catalog.pg_class WHERE relname = 'RecipeReview' AND relnamespace = (SELECT oid FROM pg_catalog.pg_namespace WHERE nspname = CURRENT_SCHEMA()))

2025/11/03 13:18:34 [32m/Users/dmitrijfomin/Desktop/backend/internal/database/db.go:58
[0m[33m[30.648ms] [34;1m[rows:1][0m SELECT count(*) FROM INFORMATION_SCHEMA.table_constraints WHERE table_schema = CURRENT_SCHEMA() AND table_name = 'RecipeReview' AND constraint_name = 'fk_RecipeReview_user'

2025/11/03 13:18:34 [32m/Users/dmitrijfomin/Desktop/backend/internal/database/db.go:58
[0m[33m[32.069ms] [34;1m[rows:1][0m SELECT count(*) FROM INFORMATION_SCHEMA.table_constraints WHERE table_schema = CURRENT_SCHEMA() AND table_name = 'RecipeReview' AND constraint_name = 'fk_RecipeReview_recipe'

2025/11/03 13:18:34 [32m/Users/dmitrijfomin/Desktop/backend/internal/database/db.go:58
[0m[33m[30.161ms] [34;1m[rows:1][0m SELECT count(*) FROM INFORMATION_SCHEMA.table_constraints WHERE table_schema = CURRENT_SCHEMA() AND table_name = 'RecipeReview' AND constraint_name = 'chk_RecipeReview_rating'
2025/11/03 13:18:34 ✅ Database schema migration completed successfully
2025/11/03 13:18:34 📡 Starting WebSocket Hub...
2025/11/03 13:18:34 ✅ WebSocket Hub initialized
2025/11/03 13:18:34 🚀 Server starting on port 8080
2025/11/03 13:18:36 GET /api/leaderboard

2025/11/03 13:18:36 [32m/Users/dmitrijfomin/Desktop/backend/internal/handlers/marketplace.go:445
[0m[33m[95.105ms] [34;1m[rows:2][0m SELECT 
				"UserProfile".user_id,
				"User".name,
				"UserProfile".avatar_url,
				"UserProfile".level,
				"UserProfile".xp as total_xp,
				"UserProfile".language,
				COALESCE(sales.total_sales, 0) as total_sales,
				COALESCE(sales.total_revenue, 0) as total_revenue,
				COALESCE(recipes.avg_rating, 0) as average_rating,
				COALESCE(recipes.recipe_count, 0) as recipe_count,
				COALESCE(achievements.achievement_count, 0) as achievement_count
			 FROM "UserProfile" LEFT JOIN "User" ON "User".id::text = "UserProfile".user_id::text 
				LEFT JOIN (
					SELECT seller_id, COUNT(*) as total_sales, SUM(net_amount) as total_revenue
					FROM "RecipePurchase"
					GROUP BY seller_id
				) sales ON sales.seller_id::text = "UserProfile".user_id::text
			 
				LEFT JOIN (
					SELECT user_id, COUNT(*) as recipe_count, AVG(rating) as avg_rating
					FROM "PersonalRecipe"
					WHERE is_public = true AND rating > 0
					GROUP BY user_id
				) recipes ON recipes.user_id::text = "UserProfile".user_id::text
			 
				LEFT JOIN (
					SELECT user_id, COUNT(*) as achievement_count
					FROM "UserAchievement"
					GROUP BY user_id
				) achievements ON achievements.user_id::text = "UserProfile".user_id::text
			 ORDER BY total_xp DESC, level DESC LIMIT 50
2025/11/03 13:18:44 GET /api/leaderboard

2025/11/03 13:18:44 [32m/Users/dmitrijfomin/Desktop/backend/internal/handlers/marketplace.go:445
[0m[33m[93.002ms] [34;1m[rows:2][0m SELECT 
				"UserProfile".user_id,
				"User".name,
				"UserProfile".avatar_url,
				"UserProfile".level,
				"UserProfile".xp as total_xp,
				"UserProfile".language,
				COALESCE(sales.total_sales, 0) as total_sales,
				COALESCE(sales.total_revenue, 0) as total_revenue,
				COALESCE(recipes.avg_rating, 0) as average_rating,
				COALESCE(recipes.recipe_count, 0) as recipe_count,
				COALESCE(achievements.achievement_count, 0) as achievement_count
			 FROM "UserProfile" LEFT JOIN "User" ON "User".id::text = "UserProfile".user_id::text 
				LEFT JOIN (
					SELECT seller_id, COUNT(*) as total_sales, SUM(net_amount) as total_revenue
					FROM "RecipePurchase"
					GROUP BY seller_id
				) sales ON sales.seller_id::text = "UserProfile".user_id::text
			 
				LEFT JOIN (
					SELECT user_id, COUNT(*) as recipe_count, AVG(rating) as avg_rating
					FROM "PersonalRecipe"
					WHERE is_public = true AND rating > 0
					GROUP BY user_id
				) recipes ON recipes.user_id::text = "UserProfile".user_id::text
			 
				LEFT JOIN (
					SELECT user_id, COUNT(*) as achievement_count
					FROM "UserAchievement"
					GROUP BY user_id
				) achievements ON achievements.user_id::text = "UserProfile".user_id::text
			 ORDER BY total_sales DESC, total_xp DESC LIMIT 5
2025/11/03 13:18:49 GET /api/leaderboard

2025/11/03 13:18:49 [32m/Users/dmitrijfomin/Desktop/backend/internal/handlers/marketplace.go:445
[0m[33m[92.253ms] [34;1m[rows:2][0m SELECT 
				"UserProfile".user_id,
				"User".name,
				"UserProfile".avatar_url,
				"UserProfile".level,
				"UserProfile".xp as total_xp,
				"UserProfile".language,
				COALESCE(sales.total_sales, 0) as total_sales,
				COALESCE(sales.total_revenue, 0) as total_revenue,
				COALESCE(recipes.avg_rating, 0) as average_rating,
				COALESCE(recipes.recipe_count, 0) as recipe_count,
				COALESCE(achievements.achievement_count, 0) as achievement_count
			 FROM "UserProfile" LEFT JOIN "User" ON "User".id::text = "UserProfile".user_id::text 
				LEFT JOIN (
					SELECT seller_id, COUNT(*) as total_sales, SUM(net_amount) as total_revenue
					FROM "RecipePurchase"
					GROUP BY seller_id
				) sales ON sales.seller_id::text = "UserProfile".user_id::text
			 
				LEFT JOIN (
					SELECT user_id, COUNT(*) as recipe_count, AVG(rating) as avg_rating
					FROM "PersonalRecipe"
					WHERE is_public = true AND rating > 0
					GROUP BY user_id
				) recipes ON recipes.user_id::text = "UserProfile".user_id::text
			 
				LEFT JOIN (
					SELECT user_id, COUNT(*) as achievement_count
					FROM "UserAchievement"
					GROUP BY user_id
				) achievements ON achievements.user_id::text = "UserProfile".user_id::text
			 ORDER BY average_rating DESC, total_xp DESC LIMIT 50
2025/11/03 13:18:54 GET /api/leaderboard

2025/11/03 13:18:54 [32m/Users/dmitrijfomin/Desktop/backend/internal/handlers/marketplace.go:445
[0m[33m[97.026ms] [34;1m[rows:2][0m SELECT 
				"UserProfile".user_id,
				"User".name,
				"UserProfile".avatar_url,
				"UserProfile".level,
				"UserProfile".xp as total_xp,
				"UserProfile".language,
				COALESCE(sales.total_sales, 0) as total_sales,
				COALESCE(sales.total_revenue, 0) as total_revenue,
				COALESCE(recipes.avg_rating, 0) as average_rating,
				COALESCE(recipes.recipe_count, 0) as recipe_count,
				COALESCE(achievements.achievement_count, 0) as achievement_count
			 FROM "UserProfile" LEFT JOIN "User" ON "User".id::text = "UserProfile".user_id::text 
				LEFT JOIN (
					SELECT seller_id, COUNT(*) as total_sales, SUM(net_amount) as total_revenue
					FROM "RecipePurchase"
					GROUP BY seller_id
				) sales ON sales.seller_id::text = "UserProfile".user_id::text
			 
				LEFT JOIN (
					SELECT user_id, COUNT(*) as recipe_count, AVG(rating) as avg_rating
					FROM "PersonalRecipe"
					WHERE is_public = true AND rating > 0
					GROUP BY user_id
				) recipes ON recipes.user_id::text = "UserProfile".user_id::text
			 
				LEFT JOIN (
					SELECT user_id, COUNT(*) as achievement_count
					FROM "UserAchievement"
					GROUP BY user_id
				) achievements ON achievements.user_id::text = "UserProfile".user_id::text
			 WHERE "UserProfile".language = 'pl' ORDER BY total_xp DESC, level DESC LIMIT 3
